Game #,Wk,Date,Winner,Loser,Pts_W,Pts_L,Pre_Rating_W,Pre_Rating_L,Post_Rating_W,Post_Rating_L
1,1,3-Sep-20,Alabama-Birmingham,Central Arkansas,45,35,0,0,16,-16
2,1,3-Sep-20,South Alabama,Southern Mississippi,32,21,0,0,16,-16
3,1,5-Sep-20,Army,Middle Tennessee State,42,0,0,0,16,-16
4,1,5-Sep-20,Marshall,Eastern Kentucky,59,0,0,0,16,-16
5,1,5-Sep-20,Memphis,Arkansas State,37,24,0,0,16,-16
6,1,5-Sep-20,North Texas,Houston Baptist,57,31,0,0,16,-16
7,1,5-Sep-20,Southern Methodist,Texas State,31,24,0,0,16,-16
8,1,5-Sep-20,Texas-El Paso,Stephen F. Austin,24,14,0,0,16,-16
9,1,7-Sep-20,Brigham Young,Navy,55,3,0,0,16,-16
10,2,10-Sep-20,Miami (FL),Alabama-Birmingham,31,14,0,16,16.29469756,-0.29469756
11,2,12-Sep-20,Appalachian State,Charlotte,35,20,0,0,16,-16
12,2,12-Sep-20,Arkansas State,Kansas State,35,31,-16,0,0.29469756,-16.29469756
13,2,12-Sep-20,Army,Louisiana-Monroe,37,7,16,0,31.70530244,-15.70530244
14,2,12-Sep-20,Clemson,Wake Forest,37,13,0,0,16,-16
15,2,12-Sep-20,Coastal Carolina,Kansas,38,23,0,0,16,-16
16,2,12-Sep-20,Georgia Southern,Campbell,27,26,0,0,16,-16
17,2,12-Sep-20,Georgia Tech,Florida State,16,13,0,0,16,-16
18,2,12-Sep-20,Louisiana,Iowa State,31,14,0,0,16,-16
19,2,12-Sep-20,Louisville,Western Kentucky,35,21,0,0,16,-16
20,2,12-Sep-20,North Carolina,Syracuse,31,6,0,0,16,-16
21,2,12-Sep-20,Notre Dame,Duke,27,13,0,0,16,-16
22,2,12-Sep-20,Oklahoma,Missouri State,48,0,0,0,16,-16
23,2,12-Sep-20,Pittsburgh,Austin Peay,55,0,0,0,16,-16
24,2,12-Sep-20,South Florida,Citadel,27,6,0,0,16,-16
25,2,12-Sep-20,Texas,Texas-El Paso,59,3,0,16,16.29469756,-0.29469756
26,2,12-Sep-20,Texas Tech,Houston Baptist,35,33,0,-16,15.70530244,-31.70530244
27,2,12-Sep-20,Texas-San Antonio,Texas State,51,48,0,-16,15.70530244,-31.70530244
28,2,12-Sep-20,Tulane,South Alabama,27,24,0,16,16.29469756,-0.29469756
29,2,12-Sep-20,West Virginia,Eastern Kentucky,56,10,0,-16,15.70530244,-31.70530244
30,3,18-Sep-20,Coastal Carolina,Campbell,43,21,16,-16,31.41080476,-31.41080476
31,3,19-Sep-20,Boston College,Duke,26,6,0,-16,15.70530244,-31.70530244
32,3,19-Sep-20,Central Florida,Georgia Tech,49,21,0,16,16.29469756,-0.29469756
33,3,19-Sep-20,Cincinnati,Austin Peay,55,20,0,-16,15.70530244,-31.70530244
34,3,19-Sep-20,Clemson,Citadel,49,0,16,-16,31.41080476,-31.41080476
35,3,19-Sep-20,Liberty,Western Kentucky,30,24,0,-16,15.70530244,-31.70530244
36,3,19-Sep-20,Louisiana,Georgia State,34,31,16,0,31.70530244,-15.70530244
37,3,19-Sep-20,Louisiana Tech,Southern Mississippi,31,30,0,-16,15.70530244,-31.70530244
38,3,19-Sep-20,Marshall,Appalachian State,17,7,16,16,32,0
39,3,19-Sep-20,Miami (FL),Louisville,47,34,16.29469756,16,32.28926903,0.005428529
40,3,19-Sep-20,Navy,Tulane,27,24,-16,16.29469756,0.594616339,-0.299918779
41,3,19-Sep-20,North Carolina State,Wake Forest,45,42,0,-16,15.70530244,-31.70530244
42,3,19-Sep-20,Notre Dame,South Florida,52,0,16,16,32,0
43,3,19-Sep-20,Oklahoma State,Tulsa,16,7,0,0,16,-16
44,3,19-Sep-20,Pittsburgh,Syracuse,21,10,16,-16,31.41080476,-31.41080476
45,3,19-Sep-20,Southern Methodist,North Texas,65,35,16,16,32,0
46,3,19-Sep-20,Texas State,Louisiana-Monroe,38,17,-31.70530244,-15.70530244,-15.41060488,-32
47,3,19-Sep-20,Texas-El Paso,Abilene Christian,17,13,-0.29469756,0,15.71073097,-16.00542853
48,3,19-Sep-20,Texas-San Antonio,Stephen F. Austin,24,10,15.70530244,-16,31.12152844,-31.416226
49,3,19-Sep-20,Troy,Middle Tennessee State,47,14,0,-16,15.70530244,-31.70530244
50,4,24-Sep-20,Alabama-Birmingham,South Alabama,42,10,-0.29469756,-0.29469756,15.70530244,-16.29469756
51,4,25-Sep-20,Texas-San Antonio,Middle Tennessee State,37,35,31.12152844,-31.70530244,45.96622955,-46.55000356
52,4,26-Sep-20,Alabama,Missouri,38,19,0,0,16,-16
53,4,26-Sep-20,Appalachian State,Campbell,52,21,0,-31.41080476,15.42164369,-46.83244845
54,4,26-Sep-20,Auburn,Kentucky,29,13,0,0,16,-16
55,4,26-Sep-20,Baylor,Kansas,47,14,0,-16,15.70530244,-31.70530244
56,4,26-Sep-20,Boston College,Texas State,24,21,15.70530244,-15.41060488,31.13237131,-30.83767375
57,4,26-Sep-20,Brigham Young,Troy,48,7,16,15.70530244,31.99457147,-0.289269031
58,4,26-Sep-20,Central Florida,East Carolina,51,28,16.29469756,0,31.99457335,-15.69987579
59,4,26-Sep-20,Cincinnati,Army,24,10,15.70530244,31.70530244,32,15.41060488
60,4,26-Sep-20,Florida,Mississippi,51,35,0,0,16,-16
61,4,26-Sep-20,Georgia,Arkansas,37,10,0,0,16,-16
62,4,26-Sep-20,Iowa State,Texas Christian,37,34,-16,0,0.29469756,-16.29469756
63,4,26-Sep-20,Kansas State,Oklahoma,38,35,-16.29469756,16,0.299918779,-0.594616339
64,4,26-Sep-20,Liberty,Florida International,36,34,15.70530244,0,31.4160316,-15.71072916
65,4,26-Sep-20,Louisiana,Georgia Southern,20,18,31.70530244,16,47.4160316,0.289270838
66,4,26-Sep-20,Louisiana Tech,Houston Baptist,66,38,15.70530244,-31.70530244,30.83283312,-46.83283312
67,4,26-Sep-20,Miami (FL),Florida State,52,10,32.28926903,-16,47.40066314,-31.11139411
68,4,26-Sep-20,Mississippi State,Louisiana State,44,34,0,0,16,-16
69,4,26-Sep-20,Oklahoma State,West Virginia,27,13,16,15.70530244,31.99457147,-0.289269031
70,4,26-Sep-20,Pittsburgh,Louisville,23,20,31.41080476,0.005428529,46.83254832,-15.41631503
71,4,26-Sep-20,Southern Methodist,Stephen F. Austin,50,7,32,-31.416226,46.83390119,-46.25012719
72,4,26-Sep-20,Syracuse,Georgia Tech,37,20,-31.41080476,-0.29469756,-14.83786995,-16.86763237
73,4,26-Sep-20,Tennessee,South Carolina,31,27,0,0,16,-16
74,4,26-Sep-20,Texas,Texas Tech,63,56,16.29469756,15.70530244,32.2838405,-0.283840503
75,4,26-Sep-20,Texas A&M,Vanderbilt,17,12,0,0,16,-16
76,4,26-Sep-20,Texas-El Paso,Louisiana-Monroe,31,6,15.71073097,-32,30.83274966,-47.12201869
77,4,26-Sep-20,Tulane,Southern Mississippi,66,24,-0.299918779,-31.70530244,15.12182464,-47.12704586
78,4,26-Sep-20,Virginia,Duke,38,20,0,-31.70530244,15.416226,-47.12152844
79,4,26-Sep-20,Virginia Tech,North Carolina State,45,24,0,15.70530244,16.28927084,-0.583968399
80,5,2-Oct-20,Brigham Young,Louisiana Tech,45,14,31.99457147,30.83283312,47.97317147,14.85423312
81,5,2-Oct-20,Wake Forest,Campbell,66,14,-31.70530244,-46.83244845,-15.9839266,-62.55382429
82,5,3-Oct-20,Air Force,Navy,40,7,0,0.594616339,16.01095324,-15.4163369
83,5,3-Oct-20,Alabama,Texas A&M,52,24,16,16,32,0
84,5,3-Oct-20,Alabama-Birmingham,Texas-San Antonio,21,13,15.70530244,45.96622955,32.2625039,29.4090281
85,5,3-Oct-20,Arkansas,Mississippi State,21,14,-16,16,0.589195239,-0.589195239
86,5,3-Oct-20,Army,Abilene Christian,55,23,15.41060488,-16.00542853,30.83215238,-31.42697603
87,5,3-Oct-20,Cincinnati,South Florida,28,7,32,0,47.41080476,-15.41080476
88,5,3-Oct-20,Clemson,Virginia,41,23,31.41080476,15.416226,47.11620703,-0.289176272
89,5,3-Oct-20,Coastal Carolina,Arkansas State,52,23,31.41080476,0.29469756,46.83786995,-15.13236763
90,5,3-Oct-20,Florida,South Carolina,38,24,16,-16,31.41080476,-31.41080476
91,5,3-Oct-20,Florida Atlantic,Charlotte,21,17,0,-16,15.70530244,-31.70530244
92,5,3-Oct-20,Florida State,Jacksonville State,41,24,-31.11139411,0,-14.53854601,-16.5728481
93,5,3-Oct-20,Georgia,Auburn,27,6,16,16,32,0
94,5,3-Oct-20,Georgia Southern,Louisiana-Monroe,35,30,0.289270838,-47.12201869,15.41678894,-62.2495368
95,5,3-Oct-20,Georgia State,East Carolina,49,29,-15.70530244,-15.69987579,0.294797523,-31.69997575
96,5,3-Oct-20,Iowa State,Oklahoma,37,30,0.29469756,-0.594616339,16.2783158,-16.57823458
97,5,3-Oct-20,Kansas State,Texas Tech,31,21,0.299918779,-0.283840503,16.28916554,-16.27308726
98,5,3-Oct-20,Liberty,North Alabama,28,7,31.4160316,0,46.83757913,-15.42154753
99,5,3-Oct-20,Louisiana State,Vanderbilt,41,7,-16,-16,0,-32
100,5,3-Oct-20,Mississippi,Kentucky,42,41,-16,-16,0,-32
101,5,3-Oct-20,North Carolina,Boston College,26,22,16,31.13237131,32.27872038,14.85365093
102,5,3-Oct-20,North Carolina State,Pittsburgh,30,29,-0.583968399,46.83254832,16.2886095,29.95997042
103,5,3-Oct-20,Oklahoma State,Kansas,47,7,31.99457147,-31.70530244,46.82327555,-46.53400652
104,5,3-Oct-20,Southern Methodist,Memphis,30,27,46.83390119,16,62.26615821,0.567742986
105,5,3-Oct-20,Southern Mississippi,North Texas,41,31,-47.12704586,0,-30.25978445,-16.86726141
106,5,3-Oct-20,Tennessee,Missouri,35,12,16,-16,31.41080476,-31.41080476
107,5,3-Oct-20,Texas Christian,Texas,33,31,-16.29469756,32.2838405,0.59922033,15.38992261
108,5,3-Oct-20,Tulsa,Central Florida,34,26,-16,31.99457335,0.883194039,15.11137931
109,5,3-Oct-20,Virginia Tech,Duke,38,31,16.28927084,-47.12152844,31.12327147,-61.95552906
110,5,3-Oct-20,West Virginia,Baylor,27,21,-0.289269031,15.70530244,16.00532857,-0.589295157
111,5,3-Oct-20,Western Kentucky,Middle Tennessee State,20,17,-31.70530244,-46.55000356,-15.97872532,-62.27658068
112,6,8-Oct-20,Houston,Tulane,49,31,0,15.12182464,16.27852616,-1.156701524
113,6,9-Oct-20,Georgia Tech,Louisville,46,27,-16.86763237,-15.41631503,-0.840898139,-31.44304926
114,6,10-Oct-20,Alabama,Mississippi,63,48,32,0,47.41080476,-15.41080476
115,6,10-Oct-20,Arkansas State,Central Arkansas,50,27,-15.13236763,-16,0.851649994,-31.98401763
116,6,10-Oct-20,Army,Citadel,14,9,30.83215238,-31.41080476,45.68755329,-46.26620567
117,6,10-Oct-20,Auburn,Arkansas,30,28,0,0.589195239,16.01085338,-15.42165814
118,6,10-Oct-20,Boston College,Pittsburgh,31,30,14.85365093,29.95997042,31.13189156,13.68172978
119,6,10-Oct-20,Brigham Young,Texas-San Antonio,27,20,47.97317147,29.4090281,63.63125937,13.75094019
120,6,10-Oct-20,Charlotte,North Texas,49,21,-31.70530244,-16.86726141,-15.43200221,-33.14056164
121,6,10-Oct-20,Clemson,Miami (FL),42,17,47.11620703,47.40066314,63.1214469,31.39542326
122,6,10-Oct-20,Duke,Syracuse,38,24,-61.95552906,-14.83786995,-45.08844005,-31.70495896
123,6,10-Oct-20,East Carolina,South Florida,44,24,-31.69997575,-15.41080476,-15.3999533,-31.71082721
124,6,10-Oct-20,Georgia,Tennessee,44,21,32,31.41080476,47.98914662,15.42165814
125,6,10-Oct-20,Iowa State,Texas Tech,31,15,16.2783158,-16.27308726,31.67897735,-31.67374881
126,6,10-Oct-20,Kansas State,Texas Christian,21,14,16.28916554,0.59922033,32.0001775,-15.11179163
127,6,10-Oct-20,Kentucky,Mississippi State,24,2,-32,-0.589195239,-15.42164369,-17.16755155
128,6,10-Oct-20,Liberty,Louisiana-Monroe,40,7,46.83757913,-62.2495368,60.83861913,-76.25057679
129,6,10-Oct-20,Louisiana Tech,Texas-El Paso,21,17,14.85423312,30.83274966,31.14853507,14.53844771
130,6,10-Oct-20,Marshall,Western Kentucky,38,14,32,-15.97872532,47.117097,-31.09582232
131,6,10-Oct-20,Middle Tennessee State,Florida International,31,28,-62.27658068,-15.71072916,-45.41962683,-32.567683
132,6,10-Oct-20,Missouri,Louisiana State,45,41,-31.41080476,0,-14.83244845,-16.57835631
133,6,10-Oct-20,Navy,Temple,31,29,-15.4163369,0,0.867612708,-16.2839496
134,6,10-Oct-20,North Carolina,Virginia Tech,56,45,32.27872038,31.12327147,48.25743624,15.14455561
135,6,10-Oct-20,North Carolina State,Virginia,38,21,16.2886095,-0.289176272,31.98327248,-15.98383925
136,6,10-Oct-20,Notre Dame,Florida State,42,26,32,-14.53854601,47.1435477,-29.68209371
137,6,10-Oct-20,Oklahoma,Texas,53,45,-16.57823458,15.38992261,0.01037489,-1.198686855
138,6,10-Oct-20,South Carolina,Vanderbilt,41,7,-31.41080476,-32,-15.42165814,-47.98914662
139,6,10-Oct-20,Texas A&M,Florida,41,38,0,31.41080476,16.57835631,14.83244845
140,6,10-Oct-20,Troy,Texas State,37,17,-0.289269031,-30.83767375,15.14824046,-46.27518324
141,7,14-Oct-20,Coastal Carolina,Louisiana,30,27,46.83786995,47.4160316,62.84852008,31.40538147
142,7,15-Oct-20,Arkansas State,Georgia State,59,52,0.851649994,0.294797523,16.84139239,-15.69494488
143,7,16-Oct-20,Brigham Young,Houston,43,26,63.63125937,16.27852616,78.75985292,1.149932618
144,7,16-Oct-20,Southern Methodist,Tulane,37,34,62.26615821,-1.156701524,77.09993785,-15.99048117
145,7,17-Oct-20,Alabama,Georgia,41,24,47.41080476,47.98914662,63.42145821,31.97849318
146,7,17-Oct-20,Alabama-Birmingham,Western Kentucky,37,14,32.2625039,-31.09582232,47.09746599,-45.93078441
147,7,17-Oct-20,Arkansas,Mississippi,33,21,-15.42165814,-15.41080476,0.57854179,-31.41100469
148,7,17-Oct-20,Army,Texas-San Antonio,28,16,45.68755329,13.75094019,61.0995241,-1.661030616
149,7,17-Oct-20,Clemson,Georgia Tech,73,7,63.1214469,-0.840898139,77.94534211,-15.66479334
150,7,17-Oct-20,Florida State,North Carolina,31,28,-29.68209371,48.25743624,-12.25023541,30.82557794
151,7,17-Oct-20,Georgia Southern,Massachusetts,41,0,15.41678894,0,31.13283101,-15.71604207
152,7,17-Oct-20,Kentucky,Tennessee,34,7,-15.42164369,15.42165814,1.146272245,-1.146257798
153,7,17-Oct-20,Liberty,Syracuse,38,21,60.83861913,-31.70495896,75.14032478,-46.00666462
154,7,17-Oct-20,Marshall,Louisiana Tech,35,17,47.117097,31.14853507,62.82297836,15.44265372
155,7,17-Oct-20,Memphis,Central Florida,50,49,0.567742986,15.11137931,16.83562163,-1.156499341
156,7,17-Oct-20,Miami (FL),Pittsburgh,31,19,31.39542326,13.68172978,47.0691702,-1.992017154
157,7,17-Oct-20,Navy,East Carolina,27,23,0.867612708,-15.3999533,16.5679881,-31.10032869
158,7,17-Oct-20,North Carolina State,Duke,31,20,31.98327248,-45.08844005,46.56727335,-59.67244093
159,7,17-Oct-20,North Texas,Middle Tennessee State,52,35,-33.14056164,-45.41962683,-17.36673532,-61.19345316
160,7,17-Oct-20,Notre Dame,Louisville,12,7,47.1435477,-31.44304926,61.69986623,-45.99936779
161,7,17-Oct-20,South Alabama,Texas State,30,20,-16.29469756,-46.27518324,-0.846739303,-61.7231415
162,7,17-Oct-20,South Carolina,Auburn,30,22,-15.42165814,16.01085338,1.157097504,-0.567902265
163,7,17-Oct-20,Temple,South Florida,39,37,-16.2839496,-31.71082721,-0.568093315,-47.4266835
164,7,17-Oct-20,Texas A&M,Mississippi State,28,14,16.57835631,-17.16755155,31.95704629,-32.54624153
165,7,17-Oct-20,Troy,Eastern Kentucky,31,29,15.14824046,-31.70530244,30.28600244,-46.84306442
166,7,17-Oct-20,Virginia Tech,Boston College,40,14,15.14455561,31.13189156,31.43901997,14.8374272
167,7,17-Oct-20,Wake Forest,Virginia,40,23,-15.9839266,-15.98383925,0.016075011,-31.98384086
168,7,17-Oct-20,West Virginia,Kansas,38,17,16.00532857,-46.53400652,30.85529807,-61.38397602
169,8,22-Oct-20,Appalachian State,Arkansas State,45,17,15.42164369,16.84139239,31.4477964,0.81523968
170,8,23-Oct-20,Jacksonville State,Florida International,19,10,-16.5728481,-32.567683,-0.867450548,-48.27308056
171,8,23-Oct-20,Louisiana,Alabama-Birmingham,24,20,31.40538147,47.09746599,47.69440891,30.80843855
172,8,23-Oct-20,Tulsa,South Florida,42,13,0.883194039,-47.4266835,15.9942097,-62.53769915
173,8,23-Oct-20,Wisconsin,Illinois,45,7,0,0,16,-16
174,8,24-Oct-20,Alabama,Tennessee,48,17,63.42145821,-1.146257798,78.23426289,-15.95906248
175,8,24-Oct-20,Army,Mercer,49,3,61.0995241,0,75.975882,-14.8763579
176,8,24-Oct-20,Auburn,Mississippi,35,28,-0.567902265,-31.41100469,14.86418547,-46.84309242
177,8,24-Oct-20,Boise State,Utah State,42,13,0,0,16,-16
178,8,24-Oct-20,Boston College,Georgia Tech,48,27,14.8374272,-15.66479334,30.27578639,-31.10315253
179,8,24-Oct-20,Brigham Young,Texas State,52,14,78.75985292,-61.7231415,92.19439147,-75.15768005
180,8,24-Oct-20,Central Florida,Tulane,51,34,-1.156499341,-15.99048117,14.57027518,-31.71725569
181,8,24-Oct-20,Charlotte,Texas-El Paso,38,28,-15.43200221,14.53844771,1.119854889,-2.01340939
182,8,24-Oct-20,Cincinnati,Southern Methodist,42,13,47.41080476,77.09993785,63.95748592,60.5532567
183,8,24-Oct-20,Clemson,Syracuse,47,21,77.94534211,-46.00666462,91.677436,-59.73875851
184,8,24-Oct-20,Coastal Carolina,Georgia Southern,28,14,62.84852008,31.13283101,78.26455501,15.71679609
185,8,24-Oct-20,Georgia State,Troy,36,34,-15.69494488,30.28600244,1.151265154,13.43979241
186,8,24-Oct-20,Hawaii,Fresno State,34,19,0,0,16,-16
187,8,24-Oct-20,Houston,Navy,37,21,1.149932618,16.5679881,17.43391387,0.284006848
188,8,24-Oct-20,Indiana,Penn State,36,35,0,0,16,-16
189,8,24-Oct-20,Kansas State,Kansas,55,14,32.0001775,-61.38397602,46.28657521,-75.67037373
190,8,24-Oct-20,Liberty,Southern Mississippi,56,35,75.14032478,-30.25978445,89.20825692,-44.32771658
191,8,24-Oct-20,Louisiana State,South Carolina,52,24,-16.57835631,1.157097504,-0.251702573,-15.16955623
192,8,24-Oct-20,Louisville,Florida State,48,16,-45.99936779,-12.25023541,-29.37799846,-28.87160473
193,8,24-Oct-20,Marshall,Florida Atlantic,20,9,62.82297836,15.70530244,77.95588904,0.572391758
194,8,24-Oct-20,Memphis,Temple,41,29,16.83562163,-0.568093315,32.51507625,-16.24754793
195,8,24-Oct-20,Miami (FL),Virginia,19,14,47.0691702,-31.98384086,61.61696743,-46.53163809
196,8,24-Oct-20,Michigan,Minnesota,49,24,0,0,16,-16
197,8,24-Oct-20,Middle Tennessee State,Rice,40,34,-61.19345316,0,-44.06808937,-17.12536379
198,8,24-Oct-20,Missouri,Kentucky,20,10,-14.83244845,1.146272245,1.461857263,-15.14803347
199,8,24-Oct-20,Nevada,Wyoming,37,34,0,0,16,-16
200,8,24-Oct-20,North Carolina,North Carolina State,48,21,30.82557794,46.56727335,47.11551894,30.27733235
201,8,24-Oct-20,Northwestern,Maryland,43,3,0,0,16,-16
202,8,24-Oct-20,Notre Dame,Pittsburgh,45,3,61.69986623,-1.992017154,76.52871672,-16.82086764
203,8,24-Oct-20,Ohio State,Nebraska,52,17,0,0,16,-16
204,8,24-Oct-20,Oklahoma,Texas Christian,33,14,0.01037489,-15.11179163,15.73184243,-30.83325917
205,8,24-Oct-20,Oklahoma State,Iowa State,24,21,46.82327555,31.67897735,62.54433554,15.95791737
206,8,24-Oct-20,Purdue,Iowa,24,20,0,0,16,-16
207,8,24-Oct-20,Rutgers,Michigan State,38,27,0,0,16,-16
208,8,24-Oct-20,San Diego State,Nevada-Las Vegas,34,6,0,0,16,-16
209,8,24-Oct-20,San Jose State,Air Force,17,6,0,16.01095324,16.29489926,-0.283946022
210,8,24-Oct-20,South Alabama,Louisiana-Monroe,38,14,-0.846739303,-76.25057679,13.76774948,-90.86506557
211,8,24-Oct-20,Texas,Baylor,27,16,-1.198686855,-0.589295157,14.81253855,-16.60052057
212,8,24-Oct-20,Texas Tech,West Virginia,34,27,-31.67374881,30.85529807,-14.52390685,13.7054561
213,8,24-Oct-20,Texas-San Antonio,Louisiana Tech,27,26,-1.661030616,15.44265372,14.65399018,-0.872367078
214,8,24-Oct-20,Wake Forest,Virginia Tech,23,16,0.016075011,31.43901997,16.59465466,14.86044032
215,8,24-Oct-20,Western Kentucky,Chattanooga,13,10,-45.93078441,0,-29.08549583,-16.84528858
216,9,29-Oct-20,Fresno State,Colorado State,38,17,-16,0,0.29469756,-16.29469756
217,9,29-Oct-20,Georgia Southern,South Alabama,24,17,15.71679609,13.76774948,31.68089338,-2.196347819
218,9,30-Oct-20,Maryland,Minnesota,45,44,-16,-16,0,-32
219,9,30-Oct-20,Tulsa,East Carolina,34,30,15.9942097,-31.10032869,31.12754534,-46.23366433
220,9,30-Oct-20,Wyoming,Hawaii,31,7,-16,16,0.589195239,-0.589195239
221,9,31-Oct-20,Alabama,Mississippi State,41,0,78.23426289,-32.54624153,92.20460392,-46.51658256
222,9,31-Oct-20,Appalachian State,Louisiana-Monroe,31,13,31.4477964,-90.86506557,45.20948569,-104.6267549
223,9,31-Oct-20,Auburn,Louisiana State,48,11,14.86418547,-0.251702573,30.58576863,-15.97328573
224,9,31-Oct-20,Boise State,Air Force,49,30,16,-0.283946022,31.70007377,-15.98401979
225,9,31-Oct-20,Brigham Young,Western Kentucky,41,10,92.19439147,-29.08549583,105.9747396,-42.86584393
226,9,31-Oct-20,Central Florida,Houston,44,21,14.57027518,17.43391387,30.62302516,1.381163887
227,9,31-Oct-20,Cincinnati,Memphis,49,10,63.95748592,32.51507625,79.37854819,17.09401399
228,9,31-Oct-20,Clemson,Boston College,34,28,91.677436,30.27578639,106.5482561,15.40496627
229,9,31-Oct-20,Coastal Carolina,Georgia State,51,0,78.26455501,1.151265154,92.847796,-13.43197584
230,9,31-Oct-20,Duke,Charlotte,53,19,-59.67244093,1.119854889,-42.55443041,-15.99815563
231,9,31-Oct-20,Florida,Missouri,41,17,14.83244845,1.461857263,30.58617251,-14.2918668
232,9,31-Oct-20,Florida Atlantic,Texas-San Antonio,24,3,0.572391758,14.65399018,16.83176166,-1.605379729
233,9,31-Oct-20,Georgia,Kentucky,14,3,31.97849318,-15.14803347,47.1112413,-30.28078159
234,9,31-Oct-20,Indiana,Rutgers,37,21,16,16,32,0
235,9,31-Oct-20,Iowa State,Kansas,52,22,15.95791737,-75.67037373,30.27629514,-89.9887515
236,9,31-Oct-20,Louisiana,Texas State,44,34,47.69440891,-75.15768005,61.44636051,-88.90963165
237,9,31-Oct-20,Louisiana Tech,Alabama-Birmingham,37,34,-0.872367078,30.80843855,15.71095628,14.22511519
238,9,31-Oct-20,Michigan State,Michigan,27,24,-16,16,0.589195239,-0.589195239
239,9,31-Oct-20,Mississippi,Vanderbilt,54,21,-46.84309242,-47.98914662,-30.86420351,-63.96803554
240,9,31-Oct-20,Nevada,Nevada-Las Vegas,37,19,16,-16,31.41080476,-31.41080476
241,9,31-Oct-20,Northwestern,Iowa,21,20,16,-16,31.41080476,-31.41080476
242,9,31-Oct-20,Notre Dame,Georgia Tech,31,13,76.52871672,-31.10315253,90.55615043,-45.13058624
243,9,31-Oct-20,Ohio State,Penn State,38,25,16,-16,31.41080476,-31.41080476
244,9,31-Oct-20,Oklahoma,Texas Tech,62,28,15.73184243,-14.52390685,31.17473624,-29.96680066
245,9,31-Oct-20,Purdue,Illinois,31,24,16,-16,31.41080476,-31.41080476
246,9,31-Oct-20,Rice,Southern Mississippi,30,6,-17.12536379,-44.32771658,-1.626285892,-59.82679449
247,9,31-Oct-20,San Diego State,Utah State,38,7,16,-16,31.41080476,-31.41080476
248,9,31-Oct-20,San Jose State,New Mexico,38,21,16.29489926,0,31.99477133,-15.69987207
249,9,31-Oct-20,Southern Methodist,Navy,51,37,60.5532567,0.284006848,75.4448344,-14.60757085
250,9,31-Oct-20,Texas,Oklahoma State,41,34,14.81253855,62.54433554,31.69090674,45.66596735
251,9,31-Oct-20,Texas A&M,Arkansas,42,31,31.95704629,0.57854179,47.3792842,-14.84369612
252,9,31-Oct-20,Texas Christian,Baylor,33,23,-30.83325917,-16.60052057,-14.5711059,-32.86267384
253,9,31-Oct-20,Troy,Arkansas State,38,10,13.43979241,0.81523968,29.20725593,-14.95222384
254,9,31-Oct-20,Tulane,Temple,38,3,-31.71725569,-16.24754793,-15.43232327,-32.53248035
255,9,31-Oct-20,Virginia,North Carolina,44,41,-46.53163809,47.11551894,-28.81324682,29.39712767
256,9,31-Oct-20,Virginia Tech,Louisville,42,35,14.86044032,-29.37799846,30.04624205,-44.56380019
257,9,31-Oct-20,Wake Forest,Syracuse,38,14,16.59465466,-59.73875851,31.19215001,-74.33625385
258,9,31-Oct-20,West Virginia,Kansas State,37,10,13.7054561,46.28657521,30.30534117,29.68669014
259,10,4-Nov-20,Buffalo,Northern Illinois,49,30,0,0,16,-16
260,10,4-Nov-20,Central Michigan,Ohio,30,27,0,0,16,-16
261,10,4-Nov-20,Kent State,Eastern Michigan,27,23,0,0,16,-16
262,10,4-Nov-20,Miami (OH),Ball State,38,31,0,0,16,-16
263,10,4-Nov-20,Toledo,Bowling Green State,38,3,0,0,16,-16
264,10,4-Nov-20,Western Michigan,Akron,58,13,0,0,16,-16
265,10,5-Nov-20,Colorado State,Wyoming,34,24,-16.29469756,0.589195239,0.016276073,-15.72177839
266,10,5-Nov-20,Nevada,Utah State,34,9,31.41080476,-31.41080476,46.25560156,-46.25560156
267,10,6-Nov-20,Brigham Young,Boise State,51,17,105.9747396,31.70007377,120.6098748,17.06493854
268,10,6-Nov-20,Miami (FL),North Carolina State,44,41,61.61696743,30.27733235,77.0399204,14.85437937
269,10,6-Nov-20,San Jose State,San Diego State,28,17,31.99477133,31.41080476,47.98401427,15.42156182
270,10,7-Nov-20,Appalachian State,Texas State,38,17,45.20948569,-88.90963165,58.75836965,-102.4585156
271,10,7-Nov-20,Arkansas,Tennessee,24,13,-14.84369612,-15.95906248,1.135758088,-31.93851668
272,10,7-Nov-20,Boston College,Syracuse,16,13,15.40496627,-74.33625385,29.75772899,-88.68901657
273,10,7-Nov-20,Cincinnati,Houston,38,10,79.37854819,1.381163887,93.94563271,-13.18592064
274,10,7-Nov-20,Coastal Carolina,South Alabama,23,6,92.847796,-2.196347819,107.1039725,-16.45252435
275,10,7-Nov-20,Colorado,UCLA,48,42,0,0,16,-16
276,10,7-Nov-20,Florida,Georgia,44,28,30.58617251,47.1112413,46.89053881,30.806875
277,10,7-Nov-20,Florida Atlantic,Western Kentucky,10,6,16.83176166,-42.86584393,31.73381938,-57.76790164
278,10,7-Nov-20,Fresno State,Nevada-Las Vegas,40,27,0.29469756,-31.41080476,15.71091988,-46.82702708
279,10,7-Nov-20,Georgia Southern,Troy,20,13,31.68089338,29.20725593,47.63532742,13.2528219
280,10,7-Nov-20,Georgia State,Louisiana-Monroe,52,34,-13.43197584,-104.6267549,0.89429972,-118.9530304
281,10,7-Nov-20,Hawaii,New Mexico,39,33,-0.589195239,-15.69987207,15.13248388,-31.4215512
282,10,7-Nov-20,Indiana,Michigan,38,21,32,-0.589195239,47.39996637,-15.98916161
283,10,7-Nov-20,Iowa,Michigan State,49,7,-31.41080476,0.589195239,-14.82160952,-16
284,10,7-Nov-20,Iowa State,Baylor,38,31,30.27629514,-32.86267384,45.11527659,-47.70165528
285,10,7-Nov-20,Liberty,Virginia Tech,38,35,89.20825692,30.04624205,104.1201345,15.13436443
286,10,7-Nov-20,Louisiana,Arkansas State,27,20,61.44636051,-14.95222384,76.04266459,-29.54852792
287,10,7-Nov-20,Marshall,Massachusetts,51,10,77.95588904,-15.71604207,92.23704668,-29.99719971
288,10,7-Nov-20,Maryland,Penn State,35,19,0,-31.41080476,15.42164369,-46.83244845
289,10,7-Nov-20,Memphis,South Florida,34,33,17.09401399,-62.53769915,31.63123959,-77.07492476
290,10,7-Nov-20,Minnesota,Illinois,41,14,-32,-31.41080476,-15.98914662,-47.42165814
291,10,7-Nov-20,Mississippi State,Vanderbilt,24,17,-46.51658256,-63.96803554,-30.83800695,-79.64661114
292,10,7-Nov-20,North Carolina,Duke,56,24,29.39712767,-42.55443041,44.07475433,-57.23205706
293,10,7-Nov-20,Northwestern,Nebraska,21,13,31.41080476,-16,46.53833177,-31.12752701
294,10,7-Nov-20,Notre Dame,Clemson,47,40,90.55615043,106.5482561,106.8507026,90.25370393
295,10,7-Nov-20,Ohio State,Rutgers,49,27,31.41080476,0,46.83244845,-15.42164369
296,10,7-Nov-20,Oklahoma,Kansas,62,9,31.17473624,-89.9887515,44.95718726,-103.7712025
297,10,7-Nov-20,Oklahoma State,Kansas State,20,18,45.66596735,29.68669014,61.37165139,13.9810061
298,10,7-Nov-20,Oregon,Stanford,35,14,0,0,16,-16
299,10,7-Nov-20,Pittsburgh,Florida State,41,17,-16.82086764,-28.87160473,-1.042836179,-44.6496362
300,10,7-Nov-20,Southern California,Arizona State,28,27,0,0,16,-16
301,10,7-Nov-20,Southern Methodist,Temple,47,23,75.4448344,-32.53248035,89.46600179,-46.55364775
302,10,7-Nov-20,Southern Mississippi,North Alabama,24,13,-59.82679449,-15.42154753,-43.00953148,-32.23881053
303,10,7-Nov-20,Texas,West Virginia,17,13,31.69090674,30.30534117,47.6653837,14.33086421
304,10,7-Nov-20,Texas A&M,South Carolina,48,3,47.3792842,-15.16955623,62.22907951,-30.01935154
305,10,7-Nov-20,Texas Christian,Texas Tech,34,18,-14.5711059,-29.96680066,1.14532462,-45.68323117
306,10,7-Nov-20,Tulane,East Carolina,38,21,-15.43232327,-46.23366433,0.000532771,-61.66652037
307,10,7-Nov-20,Washington State,Oregon State,38,28,0,0,16,-16
308,11,10-Nov-20,Buffalo,Miami (OH),42,10,16,16,32,0
309,11,10-Nov-20,Kent State,Bowling Green State,62,24,16,-16,31.41080476,-31.41080476
310,11,10-Nov-20,Ohio,Akron,24,10,-16,-16,0,-32
311,11,11-Nov-20,Ball State,Eastern Michigan,38,31,-16,-16,0,-32
312,11,11-Nov-20,Central Michigan,Northern Illinois,40,10,16,-16,31.41080476,-31.41080476
313,11,11-Nov-20,Western Michigan,Toledo,41,38,16,16,32,0
314,11,12-Nov-20,Boise State,Colorado State,52,21,17.06493854,0.016276073,32.75093089,-15.66971628
315,11,13-Nov-20,Cincinnati,East Carolina,55,17,93.94563271,-61.66652037,107.1094303,-74.83031796
316,11,13-Nov-20,Florida Atlantic,Florida International,38,19,31.73381938,-48.27308056,46.26419182,-62.803453
317,11,13-Nov-20,Iowa,Minnesota,35,7,-14.82160952,-15.98914662,1.156883663,-31.96763981
318,11,14-Nov-20,Appalachian State,Georgia State,17,13,58.75836965,0.89429972,73.69404812,-14.04137875
319,11,14-Nov-20,Central Florida,Temple,38,13,30.62302516,-46.55364775,45.20510776,-61.13573034
320,11,14-Nov-20,Colorado,Stanford,35,32,16,-16,31.41080476,-31.41080476
321,11,14-Nov-20,Florida,Arkansas,63,35,46.89053881,1.135758088,62.04848332,-14.02218643
322,11,14-Nov-20,Fresno State,Utah State,35,16,15.71091988,-46.25560156,30.57138698,-61.11606866
323,11,14-Nov-20,Georgia Southern,Texas State,40,38,47.63532742,-102.4585156,60.89769163,-115.7208798
324,11,14-Nov-20,Houston,South Florida,56,21,-13.18592064,-77.07492476,1.639318266,-91.90016366
325,11,14-Nov-20,Illinois,Rutgers,23,20,-47.42165814,-15.42164369,-30.83246263,-32.01083919
326,11,14-Nov-20,Indiana,Michigan State,24,0,47.39996637,-16,62.23416549,-30.83419912
327,11,14-Nov-20,Kentucky,Vanderbilt,38,35,-30.28078159,-79.64661114,-15.18915592,-94.73823681
328,11,14-Nov-20,Liberty,Western Carolina,58,14,104.1201345,0,118.211305,-14.09117045
329,11,14-Nov-20,Louisiana,South Alabama,38,10,76.04266459,-16.45252435,90.34525157,-30.75511133
330,11,14-Nov-20,Marshall,Middle Tennessee State,42,14,92.23704668,-44.06808937,105.746623,-57.57766564
331,11,14-Nov-20,Miami (FL),Virginia Tech,25,24,77.0399204,15.13436443,91.90150484,0.272779997
332,11,14-Nov-20,Mississippi,South Carolina,59,42,-30.86420351,-30.01935154,-14.84864076,-46.03491429
333,11,14-Nov-20,Nebraska,Penn State,30,23,-31.12752701,-46.83244845,-15.41679083,-62.54318463
334,11,14-Nov-20,Nevada,New Mexico,27,20,46.25560156,-31.4215512,60.82853785,-45.99448748
335,11,14-Nov-20,North Carolina,Wake Forest,59,53,44.07475433,31.19215001,59.83746538,15.42943895
336,11,14-Nov-20,North Carolina State,Florida State,38,22,14.85437937,-44.6496362,29.75998641,-59.55524323
337,11,14-Nov-20,Northwestern,Purdue,27,20,46.53833177,31.41080476,62.25970059,15.68943593
338,11,14-Nov-20,Notre Dame,Boston College,45,31,106.8507026,29.75772899,121.4343149,15.17411669
339,11,14-Nov-20,Oregon,Washington State,43,29,16,16,32,0
340,11,14-Nov-20,San Diego State,Hawaii,34,10,15.42156182,15.13248388,31.41623681,-0.862191103
341,11,14-Nov-20,San Jose State,Nevada-Las Vegas,34,17,47.98401427,-46.82702708,62.24443382,-61.08744663
342,11,14-Nov-20,Southern California,Arizona,34,30,16,0,31.70530244,-15.70530244
343,11,14-Nov-20,Texas Tech,Baylor,24,23,-45.68323117,-47.70165528,-29.72041185,-63.6644746
344,11,14-Nov-20,Texas-San Antonio,Texas-El Paso,52,21,-1.605379729,-2.01340939,14.38710409,-18.00589321
345,11,14-Nov-20,Tulane,Army,38,12,0.000532771,75.975882,17.39649209,58.57992268
346,11,14-Nov-20,Tulsa,Southern Methodist,28,24,31.12754534,89.46600179,48.2005664,72.39298072
347,11,14-Nov-20,Virginia,Louisville,31,17,-28.81324682,-44.56380019,-13.10335094,-60.27369608
348,11,14-Nov-20,Washington,Oregon State,27,21,0,-16,15.70530244,-31.70530244
349,11,14-Nov-20,West Virginia,Texas Christian,24,6,14.33086421,1.14532462,30.08799625,-14.61180742
350,11,14-Nov-20,Western Kentucky,Southern Mississippi,10,7,-57.76790164,-43.00953148,-41.49606858,-59.28136455
351,11,14-Nov-20,Wisconsin,Michigan,49,11,16,-15.98916161,31.41100414,-31.40016575
352,11,15-Nov-20,UCLA,California,34,10,-16,0,0.29469756,-16.29469756
353,12,17-Nov-20,Buffalo,Bowling Green State,42,17,32,-31.41080476,46.83400053,-46.24480529
354,12,17-Nov-20,Kent State,Akron,69,35,31.41080476,-32,46.24480529,-46.83400053
355,12,18-Nov-20,Ball State,Northern Illinois,31,25,0,-31.41080476,15.42164369,-46.83244845
356,12,18-Nov-20,Toledo,Eastern Michigan,45,28,0,-32,15.41080476,-47.41080476
357,12,18-Nov-20,Western Michigan,Central Michigan,52,44,32,31.41080476,47.98914662,15.42165814
358,12,19-Nov-20,Tulsa,Tulane,30,24,48.2005664,17.39649209,63.63337216,1.963686334
359,12,20-Nov-20,Air Force,New Mexico,28,0,-15.98401979,-45.99448748,-0.536613163,-61.44189411
360,12,20-Nov-20,Florida Atlantic,Massachusetts,24,2,46.26419182,-29.99719971,60.86300367,-44.59601156
361,12,20-Nov-20,Louisville,Syracuse,30,0,-60.27369608,-88.68901657,-44.79693897,-104.1657737
362,12,20-Nov-20,Minnesota,Purdue,34,31,-31.96763981,15.68943593,-15.0906439,-1.187559979
363,12,21-Nov-20,Alabama,Kentucky,63,3,92.20460392,-15.18915592,106.2363572,-29.22090925
364,12,21-Nov-20,Army,Georgia Southern,28,27,58.57992268,60.89769163,74.62261746,44.85499685
365,12,21-Nov-20,Auburn,Tennessee,30,17,30.58576863,-31.93851668,45.43601392,-46.78876198
366,12,21-Nov-20,Boise State,Hawaii,40,32,32.75093089,-0.862191103,48.13206321,-16.24332342
367,12,21-Nov-20,Brigham Young,North Alabama,66,14,120.6098748,-32.23881053,133.8230055,-45.45194119
368,12,21-Nov-20,Cincinnati,Central Florida,36,33,107.1094303,45.20510776,121.9710373,30.34350072
369,12,21-Nov-20,Coastal Carolina,Appalachian State,34,23,107.1039725,73.69404812,122.4888423,58.30917833
370,12,21-Nov-20,East Carolina,Temple,28,3,-74.83031796,-61.13573034,-58.57807523,-77.38797307
371,12,21-Nov-20,Florida,Vanderbilt,38,17,62.04848332,-94.73823681,75.19132947,-107.881083
372,12,21-Nov-20,Georgia,Mississippi State,31,24,30.806875,-30.83800695,45.67323703,-45.70436898
373,12,21-Nov-20,Georgia State,South Alabama,31,14,-14.04137875,-30.75511133,1.650780913,-46.44727099
374,12,21-Nov-20,Illinois,Nebraska,41,23,-30.83246263,-15.41679083,-14.54852527,-31.70072819
375,12,21-Nov-20,Iowa,Penn State,41,21,1.156883663,-62.54318463,15.98558419,-77.37188515
376,12,21-Nov-20,Iowa State,Kansas State,45,0,45.11527659,13.9810061,60.54200763,-1.44572494
377,12,21-Nov-20,Louisiana State,Arkansas,27,24,-15.97328573,-14.02218643,0.062654785,-30.05812694
378,12,21-Nov-20,Memphis,Stephen F. Austin,56,14,31.63123959,-46.25012719,46.20044412,-60.81933172
379,12,21-Nov-20,Michigan,Rutgers,48,42,-31.40016575,-32.01083919,-15.41141477,-47.99959018
380,12,21-Nov-20,Middle Tennessee State,Troy,20,17,-57.57766564,13.2528219,-40.27580429,-4.049039454
381,12,21-Nov-20,Missouri,South Carolina,17,10,-14.2918668,-46.03491429,1.123664837,-61.45044592
382,12,21-Nov-20,Nevada,San Diego State,26,21,60.82853785,31.41623681,76.28695023,15.95782443
383,12,21-Nov-20,North Carolina State,Liberty,15,14,29.75998641,118.211305,47.3837111,100.5875803
384,12,21-Nov-20,North Texas,Rice,27,17,-17.36673532,-1.626285892,-1.076817259,-17.91620395
385,12,21-Nov-20,Northwestern,Wisconsin,17,7,62.25970059,31.41100414,77.69168541,15.97901932
386,12,21-Nov-20,Ohio State,Indiana,42,35,46.83244845,62.23416549,63.11612883,45.95048511
387,12,21-Nov-20,Oklahoma,Oklahoma State,41,13,44.95718726,61.37165139,61.25951688,45.06932177
388,12,21-Nov-20,Oregon,UCLA,38,35,32,0.29469756,47.416226,-15.12152844
389,12,21-Nov-20,Oregon State,California,31,27,-31.70530244,-16.29469756,-15.42145839,-32.57854161
390,12,21-Nov-20,Pittsburgh,Virginia Tech,47,14,-1.042836179,0.272779997,14.98139835,-15.75145453
391,12,21-Nov-20,Southern California,Utah,33,17,31.70530244,0,47.12152844,-15.416226
392,12,21-Nov-20,Texas State,Arkansas State,47,45,-115.7208798,-29.54852792,-98.13871387,-47.13069386
393,12,21-Nov-20,Texas-San Antonio,Southern Mississippi,23,20,14.38710409,-59.28136455,29.03332528,-73.92758575
394,12,21-Nov-20,Virginia,Abilene Christian,55,15,-13.10335094,-31.42697603,2.559165476,-47.08949244
395,12,21-Nov-20,Washington,Arizona,44,27,15.70530244,-15.70530244,31.12694981,-31.12694981
396,12,21-Nov-20,Western Kentucky,Florida International,38,21,-41.49606858,-62.803453,-25.88848639,-78.41103518
397,13,26-Nov-20,Utah State,New Mexico,41,27,-61.11606866,-61.44189411,-45.12207058,-77.43589218
398,13,27-Nov-20,Central Florida,South Florida,58,46,30.34350072,-91.90016366,44.10643974,-105.6631027
399,13,27-Nov-20,Central Michigan,Eastern Michigan,31,23,15.42165814,-47.41080476,30.26625605,-62.25540267
400,13,27-Nov-20,Iowa,Nebraska,26,20,15.98558419,-31.70072819,31.10805133,-46.82319533
401,13,27-Nov-20,Iowa State,Texas,23,20,60.54200763,47.6653837,76.30482882,31.90256251
402,13,27-Nov-20,Liberty,Massachusetts,45,0,100.5875803,-44.59601156,113.9378307,-57.94626199
403,13,27-Nov-20,Notre Dame,North Carolina,31,17,121.4343149,59.83746538,136.3015573,44.97022301
404,13,27-Nov-20,Oregon State,Oregon,41,38,-15.42145839,47.416226,1.73403938,30.26072823
405,13,27-Nov-20,Stanford,California,24,23,-31.41080476,-32.57854161,-15.43231526,-48.55703112
406,13,27-Nov-20,Wyoming,Nevada-Las Vegas,45,14,-15.72177839,-61.08744663,-0.556685846,-76.25253918
407,13,28-Nov-20,Alabama,Auburn,42,13,106.2363572,45.43601392,121.1181992,30.55417196
408,13,28-Nov-20,Appalachian State,Troy,47,10,58.30917833,-4.049039454,73.16246695,-18.90232807
409,13,28-Nov-20,Ball State,Toledo,27,24,15.42164369,15.41080476,31.42144403,-0.588995579
410,13,28-Nov-20,Baylor,Kansas State,32,31,-63.6644746,-1.44572494,-46.52031915,-18.58988039
411,13,28-Nov-20,Boston College,Louisville,34,27,15.17411669,-44.79693897,30.07116109,-59.69398338
412,13,28-Nov-20,Buffalo,Kent State,70,41,46.83400053,46.24480529,62.82314715,30.25565866
413,13,28-Nov-20,Clemson,Pittsburgh,52,17,90.25370393,14.98139835,104.8705975,0.364504799
414,13,28-Nov-20,Coastal Carolina,Texas State,49,14,122.4888423,-98.13871387,134.509939,-110.1598105
415,13,28-Nov-20,Colorado,San Diego State,20,10,31.41080476,15.95782443,47.12618037,0.242448817
416,13,28-Nov-20,East Carolina,Southern Methodist,52,38,-58.57807523,72.39298072,-40.1836189,53.99852438
417,13,28-Nov-20,Florida,Kentucky,34,10,75.19132947,-29.22090925,89.27719597,-43.30677574
418,13,28-Nov-20,Georgia,South Carolina,45,16,45.67323703,-61.45044592,59.70989025,-75.48709915
419,13,28-Nov-20,Georgia State,Georgia Southern,30,24,1.650780913,44.85499685,18.44597628,28.05980148
420,13,28-Nov-20,Georgia Tech,Duke,56,33,-45.13058624,-57.23205706,-29.35348915,-73.00915415
421,13,28-Nov-20,Hawaii,Nevada,24,21,-16.24332342,76.28695023,1.45472861,58.5888982
422,13,28-Nov-20,Indiana,Maryland,27,11,45.95048511,15.42164369,61.38835453,-0.016225727
423,13,28-Nov-20,Louisiana,Louisiana-Monroe,70,20,90.34525157,-118.9530304,102.562761,-131.1705399
424,13,28-Nov-20,Memphis,Navy,10,7,46.20044412,-14.60757085,61.08214545,-29.48927219
425,13,28-Nov-20,Miami (OH),Akron,38,7,0,-46.83400053,15.13812092,-61.97212145
426,13,28-Nov-20,Michigan State,Northwestern,29,20,-30.83419912,77.69168541,-12.84541683,59.70290312
427,13,28-Nov-20,Mississippi,Mississippi State,31,24,-14.84864076,-45.70436898,0.583214687,-61.13622443
428,13,28-Nov-20,Missouri,Vanderbilt,41,0,1.123664837,-107.881083,15.12619844,-121.8836166
429,13,28-Nov-20,North Carolina State,Syracuse,36,29,47.3837111,-104.1657737,60.62005388,-117.4021165
430,13,28-Nov-20,Ohio,Bowling Green State,52,10,0,-46.24480529,15.1489432,-61.39374849
431,13,28-Nov-20,Oklahoma State,Texas Tech,50,44,45.06932177,-29.72041185,59.69503862,-44.3461287
432,13,28-Nov-20,Penn State,Michigan,27,17,-77.37188515,-15.41141477,-60.23246315,-32.55083677
433,13,28-Nov-20,Rutgers,Purdue,37,30,-47.99959018,-1.187559979,-31.13811463,-18.04903552
434,13,28-Nov-20,South Alabama,Arkansas State,38,31,-46.44727099,-47.13069386,-30.4598601,-63.11810475
435,13,28-Nov-20,Texas A&M,Louisiana State,20,7,62.22907951,0.062654785,77.08588299,-14.7941487
436,13,28-Nov-20,Texas Christian,Kansas,59,23,-14.61180742,-103.7712025,-0.248439958,-118.13457
437,13,28-Nov-20,Texas-San Antonio,North Texas,49,17,29.03332528,-1.076817259,44.47889803,-16.52239
438,13,28-Nov-20,UCLA,Arizona,27,10,-15.12152844,-31.12694981,0.583674172,-46.83215241
439,13,28-Nov-20,Washington,Utah,24,21,31.12694981,-15.416226,46.27041247,-30.55968866
440,13,28-Nov-20,Western Michigan,Northern Illinois,30,27,47.98914662,-46.83244845,62.24937407,-61.09267589
441,14,3-Dec-20,Air Force,Utah State,35,7,-0.536613163,-45.12207058,14.64281293,-60.30149668
442,14,3-Dec-20,Louisiana Tech,North Texas,42,31,15.71095628,-16.52239,31.11746851,-31.92890224
443,14,4-Dec-20,Louisiana,Appalachian State,24,21,102.562761,73.16246695,118.0213943,57.70383364
444,14,5-Dec-20,Akron,Bowling Green State,31,3,-61.97212145,-61.39374849,-45.96146743,-77.40440251
445,14,5-Dec-20,Alabama,Louisiana State,55,17,121.1181992,-14.7941487,134.6348361,-28.3107856
446,14,5-Dec-20,Arkansas State,Louisiana-Monroe,48,15,-63.11810475,-131.1705399,-48.36911822,-145.9195264
447,14,5-Dec-20,Ball State,Central Michigan,45,20,31.42144403,30.26625605,47.40016469,14.28753539
448,14,5-Dec-20,California,Oregon,21,17,-48.55703112,30.26072823,-31.10912625,12.81282336
449,14,5-Dec-20,Clemson,Virginia Tech,45,10,104.8705975,-15.75145453,118.6628314,-29.54368843
450,14,5-Dec-20,Coastal Carolina,Brigham Young,22,17,134.509939,133.8230055,150.4972852,117.8356592
451,14,5-Dec-20,Colorado,Arizona,24,13,47.12618037,-46.83215241,61.40212337,-61.10809541
452,14,5-Dec-20,Eastern Michigan,Western Michigan,53,42,-62.25540267,62.24937407,-43.97751964,43.97149104
453,14,5-Dec-20,Florida,Tennessee,31,19,89.27719597,-46.78876198,102.7910715,-60.30263752
454,14,5-Dec-20,Georgia Southern,Florida Atlantic,20,3,28.05980148,60.86300367,44.66377168,44.25903347
455,14,5-Dec-20,Indiana,Wisconsin,14,6,61.38835453,15.97901932,76.55264489,0.814728957
456,14,5-Dec-20,Iowa,Illinois,35,21,31.10805133,-14.54852527,46.26779983,-29.70827378
457,14,5-Dec-20,Iowa State,West Virginia,42,6,76.30482882,30.08799625,91.45428584,14.93853923
458,14,5-Dec-20,Kentucky,South Carolina,41,18,-43.30677574,-75.48709915,-27.89928813,-90.89458676
459,14,5-Dec-20,Miami (FL),Duke,48,0,91.90150484,-73.00915415,104.8997203,-86.00736959
460,14,5-Dec-20,Missouri,Arkansas,50,48,15.12619844,-30.05812694,30.29462239,-45.22655089
461,14,5-Dec-20,Nebraska,Purdue,37,27,-46.82319533,-18.04903552,-30.29334953,-34.57888133
462,14,5-Dec-20,Nevada,Fresno State,37,26,58.5888982,30.57138698,74.07297549,15.08730969
463,14,5-Dec-20,New Mexico,Wyoming,17,16,-77.43589218,-0.556685846,-60.02341145,-17.96916658
464,14,5-Dec-20,North Carolina,Western Carolina,49,9,44.97022301,-14.09117045,59.88394559,-29.00489303
465,14,5-Dec-20,North Carolina State,Georgia Tech,23,13,60.62005388,-29.35348915,74.96858253,-43.70201779
466,14,5-Dec-20,Notre Dame,Syracuse,45,21,136.3015573,-117.4021165,147.7566822,-128.8572414
467,14,5-Dec-20,Ohio State,Michigan State,52,12,63.11612883,-12.84541683,77.72042185,-27.44970984
468,14,5-Dec-20,Oklahoma,Baylor,27,14,61.25951688,-46.52031915,75.28426642,-60.5450687
469,14,5-Dec-20,Penn State,Rutgers,23,7,-60.23246315,-31.13811463,-43.69672579,-47.67385199
470,14,5-Dec-20,Rice,Marshall,20,0,-17.91620395,105.746623,0.346482051,87.48393695
471,14,5-Dec-20,San Diego State,Colorado State,29,17,0.242448817,-15.66971628,15.94936869,-31.37663615
472,14,5-Dec-20,San Jose State,Hawaii,35,24,62.24443382,1.45472861,77.12647079,-13.42730836
473,14,5-Dec-20,Stanford,Washington,31,26,-15.43231526,46.27041247,1.702382928,29.13571428
474,14,5-Dec-20,Texas,Kansas State,69,31,31.90256251,-18.58988039,46.97350362,-33.6608215
475,14,5-Dec-20,Texas A&M,Auburn,31,20,77.08588299,30.55417196,92.22955624,15.41049872
476,14,5-Dec-20,Texas Christian,Oklahoma State,29,22,-0.248439958,59.69503862,16.85401006,42.59258861
477,14,5-Dec-20,Texas Tech,Kansas,16,13,-44.3461287,-118.13457,-29.70210164,-132.7785971
478,14,5-Dec-20,Toledo,Northern Illinois,41,24,-0.588995579,-61.09267589,14.29828456,-75.97995603
479,14,5-Dec-20,Troy,South Alabama,29,0,-18.90232807,-30.4598601,-3.115213115,-46.24697506
480,14,5-Dec-20,Tulane,Memphis,35,21,1.963686334,61.08214545,19.0510101,43.99482169
481,14,5-Dec-20,Tulsa,Navy,19,6,63.63337216,-29.48927219,77.92453195,-43.78043197
482,14,5-Dec-20,UCLA,Arizona State,25,18,0.583674172,-16,16.27822872,-31.69455455
483,14,5-Dec-20,Utah,Oregon State,30,24,-30.55968866,1.73403938,-13.96509015,-14.86055913
484,14,5-Dec-20,Virginia,Boston College,43,32,2.559165476,30.07116109,19.06578575,13.56454082
485,14,6-Dec-20,Southern California,Washington State,38,13,47.12152844,0,62.25436836,-15.13283992
486,14,6-Dec-20,Western Kentucky,Charlotte,37,19,-25.88848639,-15.99815563,-9.706307639,-32.18033438
487,15,10-Dec-20,Pittsburgh,Georgia Tech,34,20,0.364504799,-43.70201779,15.55346518,-58.89097817
488,15,10-Dec-20,Southern Mississippi,Florida Atlantic,45,31,-73.92758575,44.25903347,-55.76384472,26.09529244
489,15,11-Dec-20,Arizona State,Arizona,70,7,-31.69455455,-61.10809541,-16.23616498,-76.56648498
490,15,11-Dec-20,San Jose State,Nevada,30,20,77.12647079,74.07297549,93.07022356,58.12922272
491,15,11-Dec-20,Texas-El Paso,North Texas,45,43,-18.00589321,-31.92890224,-2.262342546,-47.6724529
492,15,12-Dec-20,Alabama,Arkansas,52,3,134.6348361,-45.22655089,147.368224,-57.95993875
493,15,12-Dec-20,Alabama-Birmingham,Rice,21,16,14.22511519,0.346482051,29.96948308,-15.39788583
494,15,12-Dec-20,Appalachian State,Georgia Southern,34,26,57.70383364,44.66377168,73.46364487,28.90396045
495,15,12-Dec-20,Army,Navy,15,0,74.62261746,-43.78043197,88.45496268,-57.6127772
496,15,12-Dec-20,Auburn,Mississippi State,24,10,15.41049872,-61.13622443,30.00409502,-75.72982073
497,15,12-Dec-20,Ball State,Western Michigan,30,27,47.40016469,43.97149104,63.33700652,28.03464921
498,15,12-Dec-20,Boise State,Wyoming,17,9,48.13206321,-17.96916658,62.91677875,-32.75388213
499,15,12-Dec-20,Brigham Young,San Diego State,28,14,117.8356592,15.94936869,131.9674053,1.817622619
500,15,12-Dec-20,Buffalo,Akron,56,7,62.82314715,-45.96146743,76.82967269,-59.96799296
501,15,12-Dec-20,Coastal Carolina,Troy,42,38,150.4972852,-3.115213115,163.6967749,-16.31470277
502,15,12-Dec-20,Eastern Michigan,Northern Illinois,41,33,-43.97751964,-75.97995603,-28.5667597,-91.39071597
503,15,12-Dec-20,Florida State,Duke,56,35,-59.55524323,-86.00736959,-44.04235883,-101.520254
504,15,12-Dec-20,Georgia,Missouri,49,14,59.70989025,30.29462239,75.16824804,14.8362646
505,15,12-Dec-20,Hawaii,Nevada-Las Vegas,38,21,-13.42730836,-76.25253918,1.417422081,-91.09726962
506,15,12-Dec-20,Iowa,Wisconsin,28,7,46.26779983,0.814728957,61.43128676,-14.34875797
507,15,12-Dec-20,Louisiana State,Florida,37,34,-28.3107856,102.7910715,-9.91397383,84.39425974
508,15,12-Dec-20,Louisville,Wake Forest,45,21,-59.69398338,15.42943895,-42.31359901,-1.950945426
509,15,12-Dec-20,Memphis,Houston,30,27,43.99482169,1.639318266,59.21522232,-13.58108236
510,15,12-Dec-20,Minnesota,Nebraska,24,17,-15.0906439,-30.29334953,0.629340511,-46.01333394
511,15,12-Dec-20,New Mexico,Fresno State,49,39,-60.02341145,15.08730969,-42.6432593,-2.292842462
512,15,12-Dec-20,North Carolina,Miami (FL),62,26,59.88394559,104.8997203,76.71242518,88.07124069
513,15,12-Dec-20,Northwestern,Illinois,28,10,59.70290312,-29.70827378,74.06168125,-44.06705191
514,15,12-Dec-20,Oklahoma State,Baylor,42,3,42.59258861,-60.5450687,56.70160177,-74.65408186
515,15,12-Dec-20,Penn State,Michigan State,39,24,-43.69672579,-27.44970984,-27.3974796,-43.74895604
516,15,12-Dec-20,Rutgers,Maryland,27,24,-47.67385199,-0.016225727,-30.79684596,-16.89323175
517,15,12-Dec-20,Southern California,UCLA,43,38,62.25436836,16.27822872,77.40824664,1.124350436
518,15,12-Dec-20,Stanford,Oregon State,27,24,1.702382928,-14.86055913,17.39731923,-30.55549543
519,15,12-Dec-20,Tennessee,Vanderbilt,42,17,-60.30263752,-121.8836166,-45.43510426,-136.7511498
520,15,12-Dec-20,Texas Christian,Louisiana Tech,52,10,16.85401006,31.11746851,33.11672906,14.85474951
521,15,12-Dec-20,Toledo,Central Michigan,24,23,14.29828456,14.28753539,30.29808655,-1.712266608
522,15,12-Dec-20,Utah,Colorado,38,21,-13.96509015,61.40212337,3.419751486,44.01728173
523,15,12-Dec-20,Virginia Tech,Virginia,33,15,-29.54368843,19.06578575,-12.64920246,2.171299776
524,16,18-Dec-20,Alabama-Birmingham,Marshall,22,13,29.96948308,87.48393695,47.02739277,70.42602726
525,16,18-Dec-20,Ball State,Buffalo,38,28,63.33700652,76.82967269,79.58553062,60.58114858
526,16,18-Dec-20,Nebraska,Rutgers,28,21,-46.01333394,-30.79684596,-29.73306454,-47.07711536
527,16,18-Dec-20,Oregon,Southern California,31,24,12.81282336,77.40824664,30.00052625,60.22054375
528,16,19-Dec-20,Alabama,Florida,52,46,147.368224,84.39425974,162.2102289,69.55225475
529,16,19-Dec-20,Arizona State,Oregon State,46,33,-16.23616498,-30.55549543,-0.4999129,-46.29174751
530,16,19-Dec-20,Army,Air Force,10,7,88.45496268,14.64281293,103.0985562,-0.000780544
531,16,19-Dec-20,Cincinnati,Tulsa,27,24,121.9710373,77.92453195,137.1603655,62.73520378
532,16,19-Dec-20,Clemson,Notre Dame,34,10,118.6628314,147.7566822,135.1985596,131.220954
533,16,19-Dec-20,Louisiana State,Mississippi,53,48,-9.91397383,0.583214687,6.279382115,-15.61014126
534,16,19-Dec-20,Mississippi State,Missouri,51,32,-75.72982073,14.8362646,-58.0675514,-2.826004741
535,16,19-Dec-20,Ohio State,Northwestern,22,10,77.72042185,74.06168125,93.65302576,58.12907735
536,16,19-Dec-20,Oklahoma,Iowa State,27,21,75.28426642,91.45428584,91.58209478,75.15645748
537,16,19-Dec-20,Penn State,Illinois,56,21,-27.3974796,-44.06705191,-11.70450678,-59.76002474
538,16,19-Dec-20,San Jose State,Boise State,34,20,93.07022356,62.91677875,108.5149996,47.47200271
539,16,19-Dec-20,Stanford,UCLA,48,47,17.39731923,1.124350436,33.09759514,-14.57592547
540,16,19-Dec-20,Texas A&M,Tennessee,34,13,92.22955624,-45.43510426,105.7147019,-58.92024988
541,16,19-Dec-20,Utah,Washington State,45,28,3.419751486,-15.13283992,19.07805208,-30.79114052
542,16,19-Dec-20,Wisconsin,Minnesota,20,17,-14.34875797,0.629340511,1.927121459,-15.64653891
543,16,21-Dec-20,Appalachian State,North Texas,56,28,73.46364487,-47.6724529,87.24659075,-61.45539878
544,17,22-Dec-20,Brigham Young,Central Florida,49,23,131.9674053,44.10643974,146.3544441,29.71940098
545,17,22-Dec-20,Nevada,Tulane,38,27,58.12922272,19.0510101,73.40986074,3.770372077
546,17,23-Dec-20,Georgia Southern,Louisiana Tech,38,3,28.90396045,14.85474951,44.64518699,-0.886477024
547,17,23-Dec-20,Memphis,Florida Atlantic,25,10,59.21522232,26.09529244,74.60542617,10.70508859
548,17,24-Dec-20,Hawaii,Houston,28,14,1.417422081,-13.58108236,17.14116688,-29.30482716
549,17,25-Dec-20,Buffalo,Marshall,17,10,60.58114858,70.42602726,76.76249018,54.24468566
550,17,26-Dec-20,Georgia State,Western Kentucky,39,21,18.44597628,-9.706307639,33.92757356,-25.18790492
551,17,26-Dec-20,Liberty,Coastal Carolina,37,34,113.9378307,163.6967749,130.853423,146.7811826
552,17,26-Dec-20,Louisiana,Texas-San Antonio,31,24,118.0213943,44.47889803,132.6699195,29.83037292
553,18,29-Dec-20,Oklahoma State,Miami (FL),37,34,56.70160177,88.07124069,73.27920077,71.49364169
554,18,29-Dec-20,Texas,Colorado,55,23,46.97350362,44.01728173,62.91904821,28.07173714
555,18,30-Dec-20,Oklahoma,Florida,55,20,91.58209478,69.55225475,107.1763771,53.95797241
556,18,30-Dec-20,Wisconsin,Wake Forest,42,28,1.927121459,-1.950945426,17.8556853,-17.87950927
557,18,31-Dec-20,Ball State,San Jose State,34,13,79.58553062,108.5149996,96.11823417,91.98229605
558,18,31-Dec-20,Mississippi State,Tulsa,28,26,-58.0675514,62.73520378,-39.85652009,44.52417248
559,18,31-Dec-20,West Virginia,Army,24,21,14.93853923,103.0985562,32.55695302,85.48014237
560,18,1-Jan-21,Alabama,Notre Dame,31,14,162.2102289,131.220954,177.6396275,115.7915555
561,18,1-Jan-21,Georgia,Cincinnati,24,21,75.16824804,137.1603655,92.30825005,120.0203635
562,18,1-Jan-21,Northwestern,Auburn,35,19,58.12907735,30.00409502,73.61117702,14.52199535
563,18,1-Jan-21,Ohio State,Clemson,49,28,93.65302576,135.1985596,110.4177397,118.4338456
564,18,2-Jan-21,Iowa State,Oregon,34,17,75.15645748,30.00052625,90.32540306,14.83158068
565,18,2-Jan-21,Kentucky,North Carolina State,23,21,-27.89928813,74.96858253,-10.01320172,57.08249612
566,18,2-Jan-21,Mississippi,Indiana,26,20,-15.61014126,76.55264489,2.081217345,58.86128629
567,18,2-Jan-21,Texas A&M,North Carolina,41,27,105.7147019,76.71242518,121.1806586,61.2464684
568,19,11-Jan-21,Alabama,Ohio State,52,24,177.6396275,110.4177397,192.4038209,95.65354631
569,20,21-Feb-21,Tarleton State,New Mexico State,43,17,0,0,16,-16
570,21,7-Mar-21,New Mexico State,Dixie State,36,29,-16,0,0.29469756,-16.29469756