,Team,Rating Week 0,Rating Week 1,Rank Week 1,Rating Week 2,Rank Week 2,Rating Week 3,Rank Week 3,Rating Week 4,Rank Week 4,Rating Week 5,Rank Week 5,Rating Week 6,Rank Week 6,Rating Week 7,Rank Week 7,Rating Week 8,Rank Week 8,Rating Week 9,Rank Week 9,Rating Week 10,Rank Week 10,Rating Week 11,Rank Week 11,Rating Week 12,Rank Week 12,Rating Week 13,Rank Week 13,Rating Week 14,Rank Week 14,Rating Week 15,Rank Week 15,Rating Week 16,Rank Week 16
0,UCLA,10,1433.4698560000006,1,1456.900034,1,1194.3729039999996,28,973.5509013,62,1088.0370369999996,40,943.7605623,61,1096.992516,39,1167.224811,34,1110.169203,40,918.3222878,60,899.6373338,63,1025.934974,53,1090.8004460000002,44,1141.706289,38,1133.9914619983988,37.0,1140.778198796964,35.0
1,Fresno State,0,1427.507707,2,428.238424,94,1114.533408,38,1213.580336,20,1224.050051,19,1147.802024,33,1111.767168,37,1247.18237,22,1291.387784,17,1342.312963,13,1224.63106,25,1250.461772,22,1230.176641,25,1253.757446,21,1241.7157640910166,19.0,1242.1968041219718,19.0
2,Texas-El Paso,0,1424.502856,3,1416.6746050000006,2,786.367215,71,724.5954397,83,896.1888415,59,996.5587572,57,1074.969197,42,1238.86428,24,1198.643087,31,1129.683825,38,1061.665245,49,929.5869397,61,986.4966607,56,873.1267454,66,869.1835145895102,67.0,869.7043465361206,67.0
3,Illinois,10,1424.315818,4,762.6450258,80,-125.9685415,144,-1099.410389,185,-1773.784275,209,-488.1522232,154,-1593.524265,204,-1419.11404,202,-753.5837706,173,-1229.078305,193,223.2356728,106,278.0535846,105,-533.2058405,167,599.1836691000002,90,615.6420324824088,89.0,616.3048356512868,89.0
4,San Jose State,0,1411.782032,5,-356.3861489,160,-27.52171968,142,713.0954203,84,-96.80147431,126,39.29111656,117,-531.0762625,157,-1171.402722,196,-388.6196457,148,-6.467267433,118,-23.76245548,122,-909.555223,184,-828.4084429999997,180,-1385.3352539999994,198,-1386.5658495919256,198.0,-1392.7407653400278,198.0
5,Virginia,10,1382.6996390000006,6,1300.266212,6,1315.697466,6,1064.33298,40,820.6151378999997,69,1044.501364,50,1124.799185,36,1258.8581800000004,20,1275.593292,20,1195.833336,28,1188.432754,31,1028.523154,52,962.6175989,58,817.8367422,74,813.9424954312816,75.0,814.3701195359372,75.0
6,Texas Tech,10,1374.092841,7,1160.6893189999996,25,1086.107907,42,1188.804954,22,986.9050915,51,1098.8874130000004,40,959.3788511,56,1112.564048,43,1048.411776,48,834.4115604,69,826.1549838,69,992.2257256,56,644.1982926,85,641.3819297,88,649.5782967578734,88.0,650.0646253855485,88.0
7,Texas Christian,10,1366.372874,8,1170.729113,22,1201.058725,26,1127.828497,31,966.9459843,54,813.0098214999997,72,1064.521603,44,894.8512663999999,59,630.9846947000002,86,-255.3722857,138,643.6884729,86,415.7993999,98,513.5320356000002,90,24.91237756,119,28.494882390382532,121.0,30.08782017911497,121.0
8,Texas A&M,10,1358.377457,9,1122.222228,31,1255.221489,17,1418.301684,2,1220.396125,23,1039.843474,51,1168.218742,32,1235.471876,25,1315.702115,15,1302.085068,15,1336.429306,11,1262.976804,18,1294.76401,15,1231.80882,24,1223.175824828617,23.0,1228.1444387942151,22.0
9,Rutgers,10,1353.399314,10,1163.75805,24,1383.377929,2,1377.308498,5,1211.000681,25,985.8927126,59,765.3709401000001,78,511.60571280000005,97,474.4646886,101,684.1635621,86,21.68929636,116,720.8570585,82,169.83511299999995,104,-928.4549777,183,-929.6402483371761,183.0,-943.8050887667619,184.0
10,Texas,10,1350.559167,11,1131.994735,29,720.3741966,83,1047.775242,41,1214.259654,24,1284.410667,17,1189.734873,29,1057.533016,48,1092.871501,43,952.2896073,58,717.6273574,81,-229.9887426,135,-785.2691877000003,177,-5.58085782,126,-38.85988592707292,127.0,-34.13691695073909,127.0
11,Michigan,10,1349.453348,12,1107.644017,34,1234.650115,18,1307.1725279999996,9,1380.874878,6,1406.916973,5,1410.817355,3,1409.699275,3,1419.255306,4,1390.752292,7,1387.992565,6,1401.663727,4,1398.430635,5,1410.279449,3,1426.5166361841364,1.0,1427.2172295955136,1.0
12,Syracuse,10,1343.134765,13,1309.275748,5,762.0730914,75,995.3533117,54,1060.567876,47,898.5441836000001,64,796.4830637,71,627.2698725,87,831.924317,66,1034.897951,49,1022.051442,51,777.8222394999997,78,643.520221,86,-229.8167026,136,-222.1895086622201,137.0,-217.87902699826287,134.0
13,Southern California,10,1335.24705,14,1290.247983,7,762.479667,74,1064.776879,39,799.7543221,73,1055.688273,48,834.2382898,68,823.5574516,67,629.8037232999999,87,675.8345154,87,469.3357907,96,463.2002433,96,-360.5425627,149,-612.5859156,170,-930.179781314308,184.0,-933.3751370885427,183.0
14,South Carolina,10,1327.772724,15,1225.901798,14,1274.725676,13,988.6407648,57,770.6897357,79,981.5392547,60,755.3204278,79,826.3354128,66,511.0695163,98,506.05513,97,867.8958579,67,714.266158,83,893.5155154999999,66,383.3571482,96,380.14742109459746,97.0,380.1176209575646,97.0
15,Purdue,10,1316.580968,16,1100.974149,36,1268.530761,14,1042.828061,43,1061.281584,46,890.1483222999997,65,931.184239,59,1156.027276,37,1004.082873,50,1074.287759,46,1140.997269,41,1067.181756,46,1114.786803,41,1161.903923,32,1154.5081503740828,31.0,1158.2032518828455,31.0
16,Mississippi State,10,1308.303582,17,1011.006784,47,1123.2734039999998,37,974.2775139,61,767.8582318,80,999.4346797,56,966.1813663,55,713.3030528,84,979.5341646,56,1061.929918,48,1025.42066,50,1076.8558859999996,45,1169.608433,31,1090.5579779999996,45,1092.9659812815876,44.0,1093.2035327778722,45.0
17,Pittsburgh,10,1306.05895,18,1180.778036,18,1322.711703,5,1017.852373,51,1206.445608,27,1301.849421,12,1284.785295,19,1338.424141,11,1390.017072,7,1281.775276,20,1310.010826,15,1304.856115,12,1320.787918,11,1335.305379,9,1365.6497914205886,8.0,1366.1089592739113,8.0
18,Mississippi,10,1298.5924,19,1174.97634,21,1226.051618,19,1291.04553,12,1237.771979,18,1148.382974,32,1194.157337,25,1227.203969,26,1275.887206,19,1183.752712,29,1248.09578,22,1244.47976,23,1261.092242,21,1272.762806,16,1271.1578033153396,16.0,1271.4480843465274,16.0
19,Penn State,10,1290.871358,20,1192.806246,17,1282.51454,10,1289.942271,13,1323.301501,9,1414.487564,4,1341.657348,7,1317.728139,15,1216.729842,28,1155.14494,33,1195.156295,30,1136.118444,38,1195.222712,28,1131.061698,39,1134.2113361134222,36.0,1134.4681481315054,36.0
20,Oregon,10,1283.315632,21,1104.349706,35,1086.895242,41,1289.240675,14,1275.758401,15,1179.7445699999996,30,1181.122202,30,1205.331876,31,1218.129766,26,1268.674531,21,1272.367248,20,1256.984772,20,1144.962168,34,1150.360172,36,1073.5088781458726,47.0,1073.8279314762544,48.0
21,Oklahoma State,10,1275.445865,22,1041.469018,45,968.8497509,50,1031.14443,47,1089.555848,39,1200.166014,29,1190.84108,27,1246.394407,23,1204.768448,30,1311.324327,14,1367.412552,7,1385.961075,6,1417.041226,4,1410.003919,4,1369.2310576678528,6.0,1369.8177142131983,6.0
22,Oklahoma,10,1267.903128,23,1010.146511,48,1257.012508,16,1302.543731,11,1285.034639,13,1324.30218,9,1319.514195,12,1334.123542,12,1332.681596,12,1380.351966,8,1354.526558,8,1270.183471,17,1284.279731,17,1237.576958,23,1241.5558444997764,20.0,1241.9241440496237,20.0
23,Missouri,10,1260.480687,24,1056.0767449999996,43,746.9812355,77,976.6502458999997,60,819.653192,70,542.7158508,92,707.7671644999997,85,370.9148884,102,327.8896309,106,507.40083260000006,94,90.98106831,111,397.4606384,99,561.4215097,88,332.6761301,99,327.43806367775056,100.0,327.40423884718336,101.0
24,Notre Dame,10,1249.691195,25,1119.496658,32,1005.69722,47,1111.188488,34,1252.10821,17,1125.428922,35,1190.017131,28,1175.012227,33,1217.3352630000004,27,1230.631397,26,1311.870295,14,1376.692931,7,1393.099485,6,1388.87873,6,1386.8930997916248,5.0,1387.3941765343752,5.0
25,Georgia Tech,10,1242.027906,26,61.44815181,125,829.5887392000003,63,564.0957033,93,836.3607496000003,64,624.0321193,88,796.4758803,72,795.6883601,71,654.0742239,85,-214.9212886,135,-789.9062926,179,-1174.725855,193,-1219.5203,194,-1450.172219,200,-1450.335305819522,200.0,-1451.9107700654,200.0
26,Duke,10,1234.377835,27,235.7254921,106,918.4052406,57,1002.695952,53,1052.754473,48,796.9890203,76,559.8848592,95,-449.15736110000006,153,-425.78546860000006,152,-1307.585954,197,-1534.0916630000006,204,-1769.703327,208,-1880.715119,212,-2085.659228,214,-2087.542292169037,214.0,-2090.277319760486,214.0
27,Oregon State,10,1226.738546,28,127.8690179,114,771.5444556,73,1110.658588,35,1223.916964,21,1265.544803,18,1133.983371,34,1133.182787,40,1164.925705,34,1062.301111,47,903.0032193,62,1031.03059,51,1115.429292,40,1057.861864,49,1066.6567846282815,50.0,1066.958205704463,50.0
28,Arizona,10,1219.110143,29,60.60031136,126,-1190.014378,187,-1983.143309,216,-2117.883289,217,-2159.319385,220,-2315.747986,221,-2679.223623,227,-2730.185461,227,-2726.739371,227,-2138.327454,218,-2198.774596,217,-2334.971575,220,-2443.820714,221,-2443.09530386021,221.0,-2445.9521409719923,221.0
29,Florida State,10,1211.493083,30,94.29506227,118,-1084.821383,182,-1872.415081,212,-2152.706106,218,-1261.000943,195,8.431777403,119,55.44983357,112,723.5039142,79,176.1573813,108,-224.9816332,138,635.7523838,87,818.356693,73,683.0225677999998,87,681.9685944216873,87.0,682.6452019354643,87.0
30,Washington,10,1203.873833,31,-377.5458032,161,-1229.921618,188,616.9549622000002,89,803.4445522999997,72,686.4130327,86,633.6741902000001,88,-333.7044482,143,603.2683333,89,818.1599323,71,681.1659348999998,85,-176.2200062,134,-768.9310499,175,-936.8882674,185,-913.3534583365226,182.0,-919.2920849064004,182.0
31,California,10,1196.261201,32,-49.89246436,147,-926.595699,175,596.2592983,91,-296.7148797,140,-1512.499063,201,-1466.033459,200,-1588.748378,203,-1100.970099,189,-36.39493883,122,-892.3909556,182,-861.4634981,182,-97.62217208,129,-506.9143041,164,-23.148880826054157,126.0,-19.530543018370764,126.0
32,Wisconsin,10,1188.6411050000004,33,-81.40311517,152,910.6969375,58,807.7900302,76,510.97255880000006,100,-578.4720565,162,721.9413266,83,927.3052645,57,1133.96963,36,1208.485944,27,1282.536595,18,1301.277418,13,1303.44195,14,1248.711498,22,1235.0001250486193,21.0,1235.4293909504515,21.0
33,West Virginia,10,1181.027231,34,196.0221554,108,1000.971771,48,1146.320558,26,934.7412685,55,775.3608671000003,78,-247.9280822,137,-182.0496919,133,796.8495227000003,72,965.1874063,55,771.2334297,74,608.9446132999999,88,782.4124677,78,864.0333836000003,69,852.7672950950847,68.0,853.1781932509056,68.0
34,Washington State,10,1173.404908,35,-6.796243027,139,720.4494129999997,82,110.2957133,119,-968.8414967,184,566.4696659,90,766.5006919,77,868.3442018999997,62,750.8271563999997,77,959.7185823,57,962.6893728,57,872.5791630000001,66,958.880951,59,1045.686161,51,1048.154458598456,52.0,1048.4509189239304,52.0
35,Stanford,10,1165.772163,36,-533.7074974999998,166,695.1726175,86,920.7219288,69,731.6408165,86,925.6317655,63,601.6021744,89,493.1306907,98,437.4589742,104,-431.0498867,154,-1248.828038,200,-1483.361202,203,-1684.2453280000002,206,-1842.995493,210,-1844.1844198395688,210.0,-1845.1064437834802,210.0
36,Northwestern,10,1158.146893,37,-344.4008644,159,777.8005086000003,72,583.324064,92,817.3990825,71,532.0031583000001,95,524.057037,98,828.292266,64,531.5627939,95,-408.7979532,152,-853.1109033,180,-1178.819828,194,-1283.568987,198,-1624.5488300000006,204,-1623.888778638526,204.0,-1624.2245084733954,204.0
37,Clemson,10,1150.505874,38,-526.1912375,165,899.7954492999999,59,1041.539853,44,826.0881194,67,1066.383981,46,1060.587181,46,1114.381674,42,1073.335749,45,1087.532236,44,1145.067856,39,1197.304228,27,1235.305503,24,1288.280679,12,1302.5618238874006,13.0,1303.0361613260923,13.0
38,North Carolina,10,1142.853055,39,83.01149216,120,811.0932194000003,67,1020.274029,50,745.6967764,81,1080.013516,44,816.1437921,70,915.3070652,58,919.9870268,60,800.2588547,73,978.3638552,55,902.1924892,63,1012.192126,54,922.1623913,62,921.0947785904275,63.0,921.5271709985429,63.0
39,Minnesota,10,1135.203017,40,-42.5016068,144,594.7735557,92,1097.152554,36,786.7291656,77,1080.854702,43,1049.421833,48,1123.463561,41,1196.386573,32,1286.585883,18,1117.324936,44,1052.818507,47,1113.984081,42,1153.557121,35,1145.847240997198,34.0,1150.1612661026604,33.0
40,Miami (FL),10,1127.539674,41,-558.6982359,167,262.3729257,115,-153.0733245,131,797.0899174,75,632.3104659,87,588.6467704,93,-439.3127127,151,659.2782592,84,909.1846214,62,979.0992827,54,873.4956857999997,65,969.121026,57,1042.522043,52,1046.0343129155706,53.0,1045.2287101543886,53.0
41,Louisville,10,1119.860945,42,-66.36642685,149,932.9202035,54,1044.9691779999996,42,1076.212983,43,1050.778196,49,874.7073460000001,61,867.1220105000001,63,1074.730402,44,867.0276865000003,66,718.209158,80,942.7320382,59,1061.95411,49,927.5662801,61,927.570098721303,62.0,928.0033107723441,62.0
42,Louisiana State,10,1112.167285,43,193.4051225,110,981.6635473,49,1119.710776,32,1157.637144,31,1086.664889,42,866.2388416000001,62,1008.756849,50,850.3133186000001,62,875.9433024,65,735.7187315,77,544.4124122000002,93,795.6369602999997,75,969.3617375,56,964.9860751162033,58.0,965.347670158267,58.0
43,Indiana,10,1104.464805,44,-641.3029472000002,169,724.6684607999997,81,489.0535565,106,718.2903557,88,-326.6964136,142,-299.0815394,142,-844.1855102,184,-1571.83379,203,-1507.409437,200,-1758.665734,208,-2178.721019,216,-2186.264951,218,-2394.571307,219,-2396.167038892253,219.0,-2397.5703532766593,219.0
44,Houston,10,1096.7561,45,-86.71762225,154,937.5686948,53,1145.14214,27,1182.083343,29,1265.513286,19,1325.38728,10,1310.41678,16,1328.962855,13,1370.544058,9,1343.527969,10,1365.789608,9,1356.48891,9,1361.621799,8,1332.1256129744866,10.0,1332.546982597151,10.0
45,Kentucky,10,1089.044795,46,1244.72011,11,1219.317601,20,1159.940936,24,1224.043013,20,1285.844778,15,1319.121136,14,1257.874673,21,1227.853967,25,1116.709115,40,1087.6559109999996,47,1088.68549,43,1152.083933,33,1209.622108,27,1199.7406996060636,25.0,1200.1347742578187,25.0
46,Maryland,10,1081.281523,47,1069.864514,41,1275.149268,12,1262.363377,17,1313.30084,10,1110.409128,38,943.2724512,58,971.9758325,52,757.9273279,75,849.0744314,68,552.4752971,92,359.4924549,101,63.54320997,115,535.2520007,92,535.590059840967,92.0,535.8102173263139,92.0
47,Vanderbilt,10,1073.527809,48,-899.7961997000001,175,77.61524216,136,-359.95284730000014,140,-2029.243622,216,-1954.82265,215,-2461.97015,223,-2415.250235,222,-2660.484648,225,-2594.029457,223,-2511.525077,223,-2521.655012,223,-2490.68819,222,-2416.091665,220,-2416.6469411596327,220.0,-2416.9268599756415,220.0
48,Kansas State,10,1065.744433,49,1275.127486,9,1195.7931,27,1270.7051720000004,16,1087.774172,41,1025.743634,52,1003.832508,51,786.4706363,74,980.3868678,55,1077.159111,45,1151.049364,37,1186.926356,30,1083.865994,45,1013.707436,54,1023.1438972226376,54.0,1023.5001085963187,54.0
49,Alabama,10,1019.729438,50,1269.93324,10,1292.371019,9,1317.361261,8,1390.371967,5,1424.146215,3,1315.640147,15,1382.264251,6,1409.851667,5,1398.21534,6,1409.065659,4,1373.281611,8,1388.633449,7,1394.665909,5,1408.6471375923968,4.0,1409.3311753033856,4.0
50,Arkansas,10,1019.163078,51,1094.661775,37,1215.094474,23,1288.965953,15,1409.980247,3,1122.925668,36,1065.064741,43,892.4125728,60,1144.5117,35,1119.324283,39,1144.369217,40,1156.453117,36,1137.477937,36,1147.368598,37,1139.4409924298734,35.0,1146.127350798912,34.0
51,Michigan State,10,1016.384292,52,1235.623227,13,1261.663007,15,1305.471458,10,1276.369055,14,1308.700934,10,1338.72292,8,1373.386074,7,1352.221798,8,1361.059079,10,1305.829126,16,1307.384137,11,1160.347498,32,1176.839901,30,1176.4270841351026,28.0,1176.687816298493,29.0
52,Auburn,10,1012.933974,53,1223.787644,15,1312.439941,7,1133.9896199999996,29,1203.723595,28,1305.37286,11,1159.311186,33,1224.688798,27,1215.013148,29,1267.128982,23,1130.996241,43,1037.879573,50,943.3346505,61,852.4528483999999,71,851.0655247275598,69.0,851.4422083674932,69.0
53,Baylor,10,1012.584991,54,1157.8742539999996,26,1323.271777,4,1405.6773460000006,3,1421.863186,2,1259.7914039999996,20,1293.047321,18,1354.883159,9,1350.412501,9,1356.253017,11,1268.261273,21,1291.636802,14,1315.154322,12,1287.971676,13,1326.7199861529289,11.0,1327.0501534416508,11.0
54,Kansas,10,1008.171355,55,988.2372084,50,540.8037279,95,-399.3598681,144,-1064.44665,190,-1985.913459,217,-2004.236221,215,-2044.338297,215,-2149.34663,218,-2441.821654,222,-2642.812448,224,-2390.92309,220,-2117.309842,214,-2109.085243,215,-2108.408145972675,215.0,-2109.6822707517595,215.0
55,Boston College,10,1007.795495,56,1276.898309,8,1303.636885,8,1393.670169,4,1394.950069,4,1249.658007,24,1240.510057,22,1105.156339,44,930.0426566,58,605.6729126,88,912.4416894,60,1019.255211,54,881.2846172000003,67,719.0980967999999,85,718.1980926549887,86.0,718.6682286368892,86.0
56,Cincinnati,10,993.6023368,57,1167.533537,23,1280.168765,11,1346.866813,7,1285.3246390000004,12,1342.723287,8,1390.338619,5,1436.997525,2,1432.682879,2,1437.092324,2,1424.676078,2,1408.827186,3,1422.41211,3,1427.62054,2,1426.4278719276401,2.0,1427.1669959172289,2.0
57,Georgia,10,978.8216457999997,58,1235.800686,12,1398.220518,1,1431.513744,1,1453.870201,1,1472.308988,1,1456.195032,1,1474.098598,1,1462.319784,1,1457.315255,1,1448.40337,1,1438.699421,1,1445.199706,1,1436.183978,1,1414.4019363237269,3.0,1415.0065736018594,3.0
58,Colorado,10,978.2880762,59,1175.562019,20,858.3938667000001,61,50.78059831,123,-951.4355258,182,-1823.088072,210,-1781.8014899999994,208,-587.5283647000001,165,-1456.134626,202,-1620.567623,208,-1080.227175,190,-1366.0957130000004,198,-1067.733144,191,-1140.352387,191,-1130.3334280614833,191.0,-1159.1894652108456,192.0
59,Virginia Tech,10,974.8849997,60,1114.799414,33,1215.105402,22,981.4303429,59,1072.958814,44,1117.035598,37,1021.81091,50,728.7630763999997,81,265.5822857,108,732.2394534,81,356.65035950000015,100,703.1946949000003,84,405.9027255,95,761.748955,82,760.4308867301307,82.0,760.9123308320007,82.0
60,Wake Forest,10,964.9825663,61,1129.952928,30,1219.111255,21,1236.843473,18,1345.799562,8,1349.879185,7,1321.770414,11,1327.666258,13,1349.575849,10,1407.925527,5,1328.2187279999996,12,1316.3164869999996,10,1254.314652,22,1268.11346,18,1225.626513151026,22.0,1226.0162283697343,23.0
61,Arizona State,10,962.355882,62,1076.365724,39,1211.9228449999996,24,993.7207438,56,1109.137583,38,1259.205839,21,1310.751356,16,1209.3857380000004,30,1196.352782,33,1095.2660939999996,42,1151.091005,36,1161.525667,35,1055.914851,51,1101.606439,44,1104.9363688750757,43.0,1107.8204988047135,43.0
62,Brigham Young,10,944.4384968,63,1139.34155,27,1139.394278,35,1156.496557,25,1132.153108,36,1255.109149,22,1125.703947,35,1058.318945,47,1068.829708,46,1129.758754,37,1212.983648,26,1189.438553,28,1227.71218,26,1198.321749,28,1194.8779108797862,26.0,1198.9454409435868,26.0
63,Central Florida,10,936.717696,64,997.3762352,49,1171.252507,31,942.527718,65,914.678511,57,722.7114253,83,887.501914,60,732.745371,80,1008.261978,49,1145.28474,34,1139.045017,42,1042.627877,49,1082.241618,46,1089.400612,46,1090.3876852017268,45.0,1093.3480337941935,44.0
64,Florida,10,928.4680698,65,1134.1030119999998,28,1203.798438,25,995.2384939,55,1152.725101,33,1097.689558,41,1191.550812,26,1064.191542,46,1099.2971220000004,41,901.0289391,63,731.2165077999997,78,864.1318466,67,766.8752356000001,80,873.1256453,67,872.0121639228545,66.0,872.4308610647784,66.0
65,Utah,10,928.1387399,66,1092.03091,38,813.2210165,66,645.4720961,88,822.0370295,68,816.1974788,71,1052.3588630000004,47,1142.089172,38,1095.113824,42,1155.384532,32,1235.244998,23,1232.6722949999996,25,1285.290071,16,1270.685276,17,1340.6215482669686,9.0,1341.0510334717937,9.0
66,Tennessee,10,919.4270146,67,1203.869666,16,874.5549243999999,60,1131.338686,30,890.4868837000001,60,1146.789617,34,1204.240482,24,1085.838842,45,1000.630114,51,961.5167251,56,1110.156077,45,955.9950854,58,1095.7294,43,1115.638443,43,1116.2406423116313,41.0,1116.6739134686457,40.0
67,Ohio State,10,911.3409049,68,1178.0536029999996,19,753.9979816,76,939.6517512,66,1118.764202,37,1297.545893,14,1369.497151,6,1344.130728,10,1393.889871,6,1424.390193,3,1423.816273,3,1414.933967,2,1425.2866800000006,2,1364.37788,7,1368.4113436013165,7.0,1368.96985621618,7.0
68,Iowa,10,904.2813346,69,1309.669742,4,1344.542878,3,1360.584029,6,1355.967918,7,1454.373611,2,1430.25627,2,1278.571648,19,1275.571343,21,1131.739827,36,1180.916564,32,1182.199619,31,1186.228068,29,1189.549817,29,1090.3350935905476,46.0,1090.760671619694,46.0
69,North Carolina State,10,897.4385207,70,1331.367932,3,929.521537,55,1145.002714,28,1223.772836,22,1254.222592,23,1235.488268,23,1325.4624199999996,14,1248.606791,24,1286.263119,19,1316.499701,13,1234.433173,24,1264.336457,19,1260.539913,19,1248.4469284269476,18.0,1248.75741233518,18.0
70,Iowa State,10,885.9117932,71,1076.325748,40,650.5348005,89,1035.514013,46,878.4745694000003,62,1100.742981,39,1100.156784,38,1210.932791,29,1255.4892220000004,22,1177.924438,30,1232.353158,24,1153.047728,37,1067.439428,48,1122.672544,42,1131.4114167296868,38.0,1131.7395746719085,38.0
71,North Carolina A&T,0,814.5004649,72,193.6532844,109,-866.3677693,171,-738.0492706,165,-461.1153199,153,-473.83804060000006,152,-408.0198025,147,-322.0495749,140,-366.5016193,146,-315.2547655,143,-283.9431211,141,-306.9746365000001,142,-286.3190823000001,143,-245.2951152,138,-249.80351530445407,140.0,-248.80612343436044,140.0
72,Norfolk State,0,804.6854473,73,-1611.601995,203,-1869.817178,214,-1627.352005,207,-1454.650428,200,-1268.858023,196,-1182.655199,192,-1131.421909,195,-1173.349783,193,-1052.272674,191,-980.464388,186,-910.1351039,185,-891.4761218,184,-852.0805972,182,-854.6019691412117,181.0,-869.2613448043129,181.0
73,Bethune-Cookman,0,793.1655005,74,-475.81938,164,-1462.112652,200,-1372.980469,200,-1102.553586,192,-977.2591575,186,-924.8256767,185,-945.032565,187,-850.3158007999997,180,-832.8467066000003,179,-694.4967719,174,-737.211921,175,-703.5464542000003,173,-678.5365247999998,175,-689.6258182668142,174.0,-706.9212462270094,174.0
74,William & Mary,0,783.9516999,75,-2081.225205,215,-1446.4110380000006,199,-1169.619191,192,-919.9151805,179,-806.4367133,175,-724.4193769,172,-701.7339132999997,171,-796.257313,177,-586.3805934,169,-601.4707053,164,-517.8096734000002,165,-449.401768,158,-451.8387506,160,-448.87578542727033,160.0,-448.9251546390943,160.0
75,Eastern Illinois,0,777.1332093,76,-2239.093393,220,-1495.146883,202,-1232.447459,196,-963.0581529,183,-868.9699741000003,180,-759.2116407999997,174,-759.69512,176,-846.3629175000003,179,-618.5769646000001,173,-596.6459463,163,-503.88548939999987,163,-513.0575898,164,-419.1684192,155,-417.9592549238608,156.0,-416.8472286025647,156.0
76,Abilene Christian,0,773.8984402000003,77,-1779.699902,207,-1067.8688550000004,181,-916.3938574,177,-699.6307511,166,-649.1502436000002,165,-615.7323144999998,162,-570.4926982999998,162,-541.5191167,161,-467.7546842,159,-461.3230493,154,-449.39562350000006,154,-431.9228056,154,-399.6870481,153,-398.55870058018775,154.0,-395.9644862067354,154.0
77,Robert Morris,0,773.8110872999997,78,354.0116221,98,-1939.579411,216,-1624.06923,206,-1360.355857,198,-1219.827293,194,-1121.767066,189,-1062.633894,191,-1158.532603,192,-977.703191,187,-967.7070898,185,-845.3670835,179,-837.8523659,183,-760.5853806,179,-758.958759116687,178.0,-774.2737089590397,179.0
78,North Dakota,0,772.9128988,79,349.1870129,99,-355.3750978,148,-230.7050237,134,-42.06563769,124,-28.61131161,123,-1.868113679,120,38.17461498,115,-14.04159386,122,20.63402338,116,60.43549595,112,63.48216126,116,108.79044240000002,110,116.8342129,109,114.98280461229606,111.0,115.1985687900722,111.0
79,Texas Southern,0,764.7679134,80,342.3725378,100,-965.1254886,177,-769.9655836000003,168,-1722.0819600000002,207,-1412.531493,198,-1400.074703,198,-1295.9701710000004,197,-1336.226757,195,-1221.0451380000004,192,-1074.297651,189,-1047.015438,189,-1033.575534,189,-970.4127056,186,-981.751946949292,186.0,-1001.5505944205684,188.0
80,Southern,0,764.4766377000003,81,-2098.322942,217,-1359.144877,193,-1152.952138,191,-946.7310766,180,-841.7330747000003,177,-751.9304906000001,173,-732.5037326,172,-754.1114774,174,-580.6866725,168,-622.7172208,169,-523.2377271,166,-558.8411045,169,-510.5927402,165,-508.7727004009794,165.0,-507.1706392153434,165.0
81,Mercer,0,758.9533191,82,319.0722279,102,-457.2593456,154,-375.2417511,141,-108.8073123,127,-136.5330755,128,-97.86689581,127,-30.69801788,121,-100.2215628,127,-17.282594399999994,119,3.868356392,117,72.84493474,115,82.05829417,113,92.13986835,112,94.40713544129864,112.0,94.70257836641065,112.0
82,Montana State,0,757.1120662999997,83,-1472.129463,196,-380.7160694,151,-230.08449080000003,133,-113.006211,128,-82.2423845,126,-47.73495333,125,-29.37979146,120,-3.870610727,121,51.53563706,113,-14.04233586,120,9.890722325,119,8.772416305,124,98.96157646,111,118.21245009079962,109.0,120.35340992411284,109.0
83,Alabama State,0,749.5223917000003,84,330.7644195,101,-1274.761925,190,-1009.604625,182,-739.9255739,172,-665.6266373999998,169,-566.3959398,158,-592.4574298,166,-676.3936106000001,170,-458.5995613,157,-475.3264425,158,-278.65485950000004,138,-260.5862703,138,-258.3485567,141,-259.4155043095171,142.0,-259.2087540205558,142.0
84,Houston Baptist,0,689.5754816000001,85,-1142.313709,184,-527.8335383,156,-430.4759686,146,-143.5243392,130,-241.420465,134,-194.8995406,133,-130.0549877,127,-141.702173,132,-95.30902692,126,-86.01625267,127,-134.4053639,130,10.66548554,122,61.86599784,115,55.96495617461228,115.0,57.86952678219816,115.0
85,Long Island,0,674.2183075,86,-1510.733304,199,-2630.353369,225,-2701.422408,226,-2664.438412,226,-2521.479074,225,-2408.1562280000007,222,-2207.521095,216,-2373.6959850000007,222,-2142.141027,216,-2058.092984,215,-1853.19243,211,-1737.133664,207,-1751.286073,207,-1747.072929605591,207.0,-1755.248975472104,207.0
86,Wagner,0,671.1638772000001,87,-1889.26064,210,-1295.75004,192,-1111.336228,186,-1953.471441,214,-1876.349306,213,-1879.041715,211,-1694.010431,207,-1672.101644,207,-1519.739896,203,-1399.962834,202,-1436.135852,200,-1277.4232029999996,197,-1256.2231789999996,194,-1258.1160870748613,194.0,-1266.4143571930558,195.0
87,Citadel,0,671.0980807,88,-1342.721624,193,-874.9702086000003,172,-812.338722,171,-453.1755832,151,-541.5233568,158,-513.8937462,155,-442.9330671,152,-472.7180757,157,-344.3137957,148,-341.219311,146,-301.2258073000001,141,-284.7828736,142,-232.5231845,137,-232.30685635912067,138.0,-230.4426044162228,138.0
88,Central Arkansas,0,669.1724193,89,-1333.757293,192,-576.5148701,157,-533.7308118,152,-239.7363801,137,-253.9192153,137,-224.6467494,136,-139.1269619,129,-186.6059828,134,-176.2792159,132,-94.0452911,129,-116.2239884,128,-116.5295832,131,-53.51379085,127,-59.159928273796865,128.0,-58.37200374694771,128.0
89,Campbell,0,666.6126049,90,-1778.6442920000006,206,-1133.901989,186,-950.6102182,180,-701.768271,167,-676.7283316,170,-636.1729142999999,165,-623.0679792000002,169,-539.6492655000002,160,-493.8381929,163,-468.3539538,156,-473.63269800000006,160,-417.4211394,153,-391.5815865,151,-390.4628102485136,151.0,-388.0065502968014,151.0
90,South Dakota,0,645.4684473,91,-674.7142802,170,-245.790206,147,-79.29591004,127,62.32870932,117,76.9103981,115,121.2305337,116,200.3568169,108,108.5805213,116,139.3290303,109,154.7980762,108,202.5886599,108,179.1944984,103,322.2751777,101,338.2549806031223,99.0,339.4901367128293,99.0
91,Weber State,0,632.3139657,92,-903.6464141,176,-457.4254931,155,-315.5711638,138,-181.4466976,133,-150.78897,129,-112.010759,128,-21.48379315,119,-104.0059161,128,-52.81649791,123,-15.31023568,121,-36.10100635,122,10.29718947,123,2.086033984,125,0.3111486364203375,124.0,1.1322958110299,124.0
92,Missouri State,0,627.2090463,93,-942.4575618,178,-370.5934371,150,-225.3983607,132,5.197719211,120,-15.16532926,121,48.69121773,118,57.81382001,111,30.03139273,120,57.14643101,112,104.7803997,110,131.557678,111,162.8424635,106,218.137844,103,232.31758246340058,102.0,233.0386425851735,102.0
93,Tennessee-Martin,0,618.9981717000003,94,-1260.695099,188,-805.9997375,165,-703.2111289,163,-380.8770102,144,-481.9991675,153,-437.419754,151,-335.8142217,144,-398.9723299,151,-338.7111374,146,-231.5905217,139,-291.7470267,140,-239.7227497,135,-266.8302536,142,-268.634331380602,143.0,-266.84460814763423,143.0
94,Lafayette,0,579.5832877,95,-1606.875498,202,-725.3302106000001,163,-608.1563566000002,158,-316.3032048,141,-281.3494261,140,-214.9696764,135,-141.52756269999998,130,-256.24010580000004,140,-242.5730123,137,-139.4108767,133,-161.7020085,132,-153.56577080000002,133,-104.1777438,130,-107.240529473111,131.0,-106.38110071875259,131.0
95,Colgate,0,569.6593182,96,-2271.238923,221,-1485.300836,201,-1275.579713,197,-986.2620242,185,-935.423468,183,-832.4245427,180,-782.4873488,179,-871.6274980000003,182,-690.0998116000003,176,-676.9247313,173,-510.2806727,164,-514.6465271000002,165,-466.86082760000005,162,-464.8818057084013,163.0,-463.5219182285114,163.0
96,St. Francis (PA),0,567.518364,97,-1151.5486939999996,185,-662.2330916,159,-569.4658459,154,-362.5338972,143,-329.2241144,143,-253.7815113,138,-152.5116883,131,-278.5874635,142,-214.3576643,134,-123.45646709999998,132,-169.8749062,133,-186.797893,134,-86.03025776,129,-89.13362565149342,130.0,-88.19075556152433,130.0
97,Gardner-Webb,0,558.3194335,98,-1290.329166,191,-1496.774731,203,-1414.683639,202,-1188.783285,195,-1023.223753,187,-990.8831763,186,-925.5214864,186,-854.4670069,181,-837.6210183999997,180,-704.5015957,175,-733.7500902,174,-717.0598412,174,-656.836109,173,-669.4096018610222,171.0,-687.0759939365884,171.0
98,Northern Colorado,0,552.6108198,99,-1246.271556,187,-853.6801292000001,170,-666.8051908,162,-418.8024826,147,-446.3640537,150,-413.9446394,149,-388.19550310000005,149,-376.9589263,147,-348.8649787,149,-318.9902651999999,143,-289.1631096000001,139,-278.892409,141,-248.6363095,139,-246.22360364549226,139.0,-244.8587674537372,139.0
99,Portland State,0,541.7222636,100,-1783.554705,208,-1908.442798,215,-1718.380002,209,-1540.332681,203,-1190.1425,191,-1200.185018,193,-1068.797584,193,-1031.6968960000004,186,-993.1199044,189,-778.5039658,178,-850.1461207000001,180,-832.6513997999997,181,-731.0107789,177,-752.3844044904837,177.0,-771.3273391931355,178.0
100,Northwestern State,0,532.1009119,101,-1562.447646,201,-889.1430774,174,-631.6596616,161,-454.917474,152,-442.3493714,149,-412.9743056,148,-336.3267274,145,-351.5608856,145,-318.3721841,144,-312.6900298,142,-337.7699347,146,-260.5932963,139,-220.924229,134,-221.40291615887108,136.0,-219.92162717002407,136.0
101,Northern Iowa,0,529.9719415,102,-888.0237955,173,-405.9192644,152,-245.4490847,135,-12.29674537,121,-20.91760762,122,-7.977746647000001,121,72.40334990000002,110,54.53024215,119,62.20472377,111,58.70404581,114,89.2857038,114,87.45743792,112,179.99518730000003,105,175.51585326585513,105.0,176.60891894979713,105.0
102,South Carolina State,0,508.875511,103,404.1759796,96,-1426.135149,196,-1978.301318,215,-1855.957323,213,-1466.049806,199,-1432.144645,199,-1319.555504,198,-1358.843556,198,-1264.824408,195,-1088.117459,191,-1088.769816,191,-1072.818834,192,-993.4586848,188,-992.5207028188437,187.0,-1012.2419749295499,190.0
103,Nicholls State,0,496.8601308,104,-1440.54818,195,-1858.873532,213,-1684.9720989999994,208,-1469.189646,201,-1137.826509,188,-1122.155893,190,-1017.567494,188,-984.6342722,185,-954.7284946,185,-756.1994422,177,-823.9501054,178,-786.2393572000003,178,-701.7667611,176,-722.6939861629778,175.0,-740.9917488223197,177.0
104,Monmouth,0,485.2352274,105,-1556.880489,200,-886.7547181,173,-777.057767,169,-468.3707806,154,-449.2189552,151,-423.30838089999986,150,-359.82221289999984,148,-389.6530332,149,-341.1959681,147,-322.9869288000001,144,-336.0613962,145,-296.7634939,144,-257.5646714,140,-258.06368013031255,141.0,-256.19875018429184,141.0
105,Fordham,0,473.5836194,106,-1930.932942,212,-1256.88813,189,-1977.527634,214,-1736.203475,208,-1581.466721,205,-1560.065824,203,-1373.963127,200,-1383.459194,200,-1323.757075,198,-1246.775573,199,-1148.847776,192,-1112.470483,193,-1057.51475,190,-1056.084671553187,190.0,-1086.3227439517657,191.0
106,Murray State,0,451.84241680000014,107,385.2232854,97,-806.3507066000003,166,-1874.181422,213,-1690.771946,206,-1509.70327,200,-1492.454913,201,-1377.748965,201,-1388.388323,201,-1282.404059,196,-1230.44078,198,-1085.561961,190,-1050.4779199999996,190,-996.2555306,189,-998.3730471919246,189.0,-1011.3861523137896,189.0
107,Cal Poly,0,410.9237915,108,415.3841613,95,-1117.60554,185,-902.1697233,176,-680.9050153,164,-658.4784212999998,167,-630.4721931,164,-586.0398844,164,-563.3341286,162,-475.6877317,160,-459.7774471,153,-458.3023383,158,-434.6643238,155,-403.4398108,154,-402.75334903831975,155.0,-400.7169908156972,155.0
108,Alcorn State,0,397.8885193,109,24.2447978,134,160.6258143,128,88.06989893,121,267.08826830000004,112,240.4341946,109,260.2374009,110,320.8669839,103,276.6507278,107,307.506116,102,316.6028605,101,363.6126984,100,401.4144658,96,432.3701089,94,445.66480170148964,94.0,446.50398842641204,94.0
109,Western Illinois,0,386.3854422,110,-1037.805651,180,-594.4013541,158,-379.1132244,142,-119.1785311,129,-204.3972911,133,-154.70419909999995,131,-134.9565132,128,-135.8770455,131,-87.10763485,125,-77.40085134,126,-40.37506221,123,35.21606826,118,65.93580184,114,80.84809937410094,114.0,82.5415781811707,114.0
110,Sacramento State,0,384.68971,111,-48.66256682,146,351.558504,101,-896.6453154,175,-418.8952242,148,-438.1790872,148,-386.8109074,145,-315.5874803000001,139,-398.4619017,150,-267.0731,140,-262.82753610000003,140,-276.9835774,137,-249.384457,136,-131.3888662,132,-111.39326874020128,132.0,-108.83233392977817,132.0
111,Chattanooga,0,371.3519736,112,-36.21933915,143,249.0173505,116,193.227457,117,347.8659545,111,329.73909689999994,106,348.9858098,109,401.7838795,101,363.53269460000007,105,373.5063763,101,402.5933715,98,451.8426263,97,465.8080571,91,505.35319060000006,93,520.0084629396973,93.0,520.9124430321912,93.0
112,Jackson State,0,357.8359442,113,45.21510849,131,262.5010357,114,-778.6262217999997,170,-420.20709180000006,149,-497.23511950000005,155,-356.21061560000015,144,-287.397228,138,-434.76283269999993,154,-308.7529738,142,-224.0107661,137,-316.0604538,144,-273.4170026,140,-155.3721334,133,-162.82980288485055,134.0,-227.6817354889717,137.0
113,Southeast Missouri State,0,344.1757234,114,-14.7111172,141,220.87961600000003,120,-403.0375935,145,-167.5280631,131,-155.6917428,130,-135.7196722,129,-88.41133324,124,-128.0832189,130,-108.4494404,127,-55.65675291,123,-84.90074245,125,-43.00368896,125,2.289063689,124,-1.036055841322974,125.0,-0.9289788720739731,125.0
114,Furman,0,330.3347642,115,78.25542079,122,210.11997940000003,122,-756.1393044,167,-551.4130248,157,-549.5215682,160,-519.4790251000002,156,-473.7381294,156,-456.1120169,156,-374.2112994,150,-357.2222897,148,-342.1952264,147,-322.8460229,145,-296.1156309,144,-293.928682107028,145.0,-292.0973428977582,145.0
115,Stony Brook,0,316.3397375,116,7.526433282,137,214.3364252,121,-524.9588516,151,-282.914727,139,-283.8036329,141,-268.7237579,139,-228.0416997,136,-202.1332705,136,-121.3022186,129,-99.63077713,130,1.275962134,120,22.75435247,120,19.81056653,120,25.307455247409,122.0,26.547853743585723,122.0
116,McNeese State,0,316.239975,117,500.5877985,89,-1051.397238,179,-924.8194892,178,-658.924267,162,-661.2296600999998,168,-623.2670569000003,163,-546.7742444,161,-576.5211102000002,165,-480.13999400000006,161,-469.81362469999993,157,-453.9734867,156,-438.4399022,156,-390.8286183,150,-391.0846284038142,152.0,-389.13618102522594,152.0
117,Delaware,0,302.1616844,118,60.01455546,127,183.055807,124,-295.9877788,137,-31.55877002,122,-76.87509602,125,-40.21785896,124,53.71082061,113,-36.69553782,123,33.2281869,115,55.78629044,115,139.9431208,109,143.22577119999997,108,165.81515869999996,106,169.3701607601026,106.0,170.24164008855428,106.0
118,Florida A&M,0,287.8338002,119,35.65798992,132,137.78286709999998,130,-1087.991815,184,-683.1070999,165,-737.8914427999997,172,-640.8066791,167,-531.3732435,159,-636.2898052,168,-522.1080045,165,-489.17227710000014,159,-501.4827618,162,-472.5832884,161,-421.3230024,156,-425.7606719221367,157.0,-424.65915785098275,157.0
119,Bryant,0,273.3188697,120,-73.64345485,150,325.5078675,106,-1135.4101369999996,189,-728.0632227000001,171,-780.3779387,173,-681.3964835,169,-571.6734212,163,-668.8485904,169,-547.7507047,166,-515.0251714,161,-543.8100586,168,-508.2222449,163,-444.3174973,158,-448.46221668723325,159.0,-447.05969636609007,159.0
120,Albany,0,258.6248423,121,46.90720773,130,173.4129923,126,-462.93833269999993,149,-251.2902557,138,-267.51839920000003,138,-196.9111418,134,-125.67712040000002,126,-186.6764345,135,-150.3287315,131,-115.6099531,131,-125.4087037,129,-87.90674775,128,-66.92615932,128,-69.05496135049438,129.0,-68.01928060759639,129.0
121,Tennessee Tech,0,243.7716548,122,58.21739381,128,224.6603464,119,-1207.02445,194,-950.5652465,181,-854.0236292999997,179,-776.5933603,176,-752.4233355,175,-840.4737226999997,178,-629.24518,174,-652.1999537,171,-540.3176631,167,-525.9150902,166,-479.2974821,163,-477.8632745983281,164.0,-477.33868176730545,164.0
122,Central Connecticut State,0,228.7125826,123,69.69717329,124,105.6217473,134,468.2204445,108,-1356.95701,197,-1207.180184,193,-1137.830681,191,-1072.063392,194,-1126.242455,191,-928.3745924,183,-956.5064863,184,-788.9478842,176,-774.518163,176,-733.2720636,178,-732.2544135045626,176.0,-729.6821008888693,176.0
123,Villanova,0,213.48657340000003,124,81.05890295,121,108.8853644,133,450.900612,110,194.6111029,115,166.4397829,113,188.0058276,114,244.5236517,106,174.4233658,113,227.31921040000003,105,239.8987082,105,299.5034019,104,350.53228110000015,99,348.3797342,98,350.7611936401418,98.0,351.2654563128732,98.0
124,New Hampshire,0,198.0639122,125,92.06696134,119,117.2300442,132,515.5228379,100,-588.1720293999998,158,-564.3729172000002,161,-495.404671,154,-469.401892,155,-430.1141564,153,-328.211197,145,-325.6346183,145,-238.4824623,136,-250.29725130000003,137,-221.5981821,135,-219.8859147547225,135.0,-218.55168354387175,135.0
125,Towson,0,182.4747909,126,107.6669236,116,205.0401491,123,496.4099865,103,160.3567649,116,123.9947607,114,157.37606069999995,115,219.6128338,107,145.2108237,114,181.6972155,107,214.3857172,107,274.6587767,106,318.6888582,100,324.8758034,100,327.0713479931067,101.0,328.06491170481894,100.0
126,Richmond,0,166.65482450000005,127,122.4449981,115,162.12442439999995,127,503.5050724,102,30.52344923,118,30.8203927,119,58.71925908,117,99.7133714,109,54.71899058,118,79.76712555,110,117.3032906,109,137.9908583,110,169.3811041,105,185.7091656,104,184.15981253442624,104.0,185.07178990662703,104.0
127,Elon,0,150.6479352,128,-61.03019655,148,341.7459145,103,-878.1284039999997,174,-607.9007117000001,159,-605.1959714,163,-573.6301995,159,-499.5119288,158,-527.797754,158,-432.8558721,155,-417.7734614,151,-409.1844625,150,-391.1714067,152,-344.9268302,148,-345.3403500179171,149.0,-343.5281985347819,149.0
128,Southeastern Louisiana,0,146.28364240000005,129,525.8957492,88,-708.6395591,161,-608.5726601,159,-227.80827,134,-245.6734897,136,-281.4738914,141,-191.4254847,135,-272.0581114,141,-120.7683233,128,-76.37780636,125,-102.3485659,127,-109.1220008,130,12.40154539,122,39.30792951747274,118.0,36.3044164365247,119.0
129,Illinois State,0,134.455861,130,-86.23004576,153,-1836.498715,212,-1533.21131,204,-1328.834409,196,-1197.785704,192,-1100.401729,187,-1043.053499,190,-1109.624697,190,-930.1000335,184,-923.3363404,183,-798.5231386,177,-789.5896184999997,179,-761.0279812000001,180,-760.2454771985305,179.0,-723.3770231591461,175.0
130,Kennesaw State,0,118.0518967,131,447.71782239999993,93,-980.4501392,178,-818.4983724,173,-528.5004351,156,-546.5954423,159,-479.0958022,153,-390.191064,150,-445.05869569999993,155,-379.3720901,151,-349.72794510000006,147,-371.7834977,149,-345.8401849,148,-302.7606472,145,-307.0780274512931,147.0,-305.6026807417152,146.0
131,Howard,0,101.4371453,132,552.0602771000001,85,-1431.791385,197,-1190.575193,193,-918.1735659,178,-797.8148947000003,174,-696.5698064,171,-689.8376331000003,170,-766.2569212000003,175,-568.7494865,167,-527.1025696,162,-350.2864043,148,-335.3531269,147,-324.387946,147,-323.7412948193421,148.0,-323.49268053096586,148.0
132,Idaho,0,84.65154437,133,464.6898799,92,-1053.795637,180,-2207.409991,219,-2008.828453,215,-1945.767729,214,-1944.104069,213,-1695.10228,208,-1661.84876,205,-1503.521736,199,-1376.248544,201,-1416.743222,199,-1250.090149,196,-1229.65337,193,-1230.9487208537528,193.0,-1239.2525738149495,194.0
133,Southern Illinois,0,67.61416844,134,467.7946394,91,-137.663712,146,33.00390274,125,240.768533,114,230.7935495,110,251.7288396,112,273.5320214,105,241.3053244,110,277.2884026,104,279.63036380000005,103,321.1523988,103,350.85760939999994,98,376.0378911,97,389.8950393466816,96.0,390.28725997716447,96.0
134,Virginia Military Institute,0,50.39521704,135,479.6216943,90,-1293.951527,191,-1131.866285,188,-898.3599595000003,176,-833.0907959,176,-764.755711,175,-748.1780167000003,174,-750.0823377,172,-590.2886682,170,-607.4568565000002,166,-593.2147858,170,-577.5656155,171,-512.2178868,166,-512.0543485231752,166.0,-521.1438041031286,167.0
135,Eastern Kentucky,0,-2.415827472,136,526.2880785,87,-1369.361979,194,-1150.533425,190,-903.5787172,177,-852.1948607,178,-782.8887637,177,-732.6418633,173,-699.6303062000003,171,-599.4143481000001,171,-603.6050994,165,-581.0775603,169,-594.4746205,172,-522.5487348,168,-521.7449965913573,167.0,-519.8135837834255,166.0
136,North Carolina Central,0,-20.50019768,137,531.6111346,86,-715.7188110000003,162,-557.170935,153,-330.426501,142,-359.105654,144,-345.0808668,143,-285.3783200000001,137,-317.8075963,143,-241.91802540000003,136,-223.7608746,136,-156.2196274,131,-152.5394436,132,-127.1672267,131,-125.76330902633578,133.0,-124.76785153810935,133.0
137,Youngstown State,0,-38.7557971,138,241.3899833,105,-357.6852026,149,-271.3471792,136,-35.32174231,123,-61.36631798,124,-30.86408833,123,46.41461834,114,-38.52871724,124,39.05476708,114,58.88286972,113,118.4939659,112,137.5652635,109,132.315581,107,133.76851468270056,107.0,134.52246786653168,107.0
138,Tennessee State,0,-44.62479868,139,256.6740429,103,310.7574545,107,481.7186573,107,485.43059230000006,104,542.3502031,93,515.188058,101,575.8665403,89,536.8181068,94,507.2910585,95,540.2858742000002,94,588.0910649,91,96.74949073,111,112.3927725,110,117.72630969670305,110.0,118.08184813856504,110.0
139,Morgan State,0,-57.27561502,140,-98.76406292,155,-1103.403582,184,-1063.20998,183,-704.1731434,168,-711.9125472999997,171,-655.4575881,168,-593.7238937000002,167,-628.9998454,167,-507.6132454,164,-509.5700562,160,-454.5295863,157,-465.928014,160,-446.2596293,159,-448.9007522676472,161.0,-455.9246828101666,161.0
140,Austin Peay,0,-76.03978149,141,219.7499225,107,-448.1173209,153,-356.0460216,139,-89.34267151,125,-119.251461,127,-77.26035992,126,-13.51972226,118,-85.87264612,126,-0.874046385,117,-5.101658813,118,60.79410105,117,74.2053867,114,81.94701291,113,84.31670643425345,113.0,84.79484238599164,113.0
141,Indiana State,0,-94.96285799,142,56.47919454,129,-1088.051519,183,-930.9847913,179,-619.3095509999997,161,-656.5686065,166,-611.3556215,161,-532.0969443,160,-572.2065617000002,164,-480.2890876,162,-467.5917036,155,-451.30512,155,-442.13165,157,-394.0194187,152,-395.49478861783206,153.0,-393.6895235347426,153.0
142,Western Carolina,0,-114.2165997,143,-9.501133512000001,140,-1692.188498,207,-1385.379232,201,-1136.8562980000004,194,-968.8401899,185,-869.9322218,183,-855.7435171,185,-908.5645103,184,-713.1486222999997,177,-661.2489218999998,172,-483.4357841,161,-474.82928660000016,162,-456.27831,161,-455.9739206056797,162.0,-457.64094669534614,162.0
143,Hampton,0,-133.7266478,144,-34.78126382,142,-1401.993644,195,-1130.639584,187,-877.6811833999999,174,-886.4860513,181,-784.2180159,178,-771.3962321,178,-772.2218376000003,176,-606.7206686000002,172,-607.5144991000002,167,-631.228069,172,-558.3239537000002,168,-548.0822511,169,-548.4574505033793,169.0,-541.85721784139,169.0
144,Wofford,0,-148.23459069999996,145,134.5139892,113,333.0133776,105,519.9851001000002,98,499.1191103,101,550.9181531,91,518.242748,100,566.8032447,90,545.555769,91,524.5518446000002,91,549.2348671,93,589.1287017000002,90,40.61229377,117,55.90629282,116,54.450965347171966,116.0,54.98352125778658,116.0
145,Grambling State,0,-153.3612801,146,-79.27801845,151,-2013.842979,217,-2374.30043,223,-2433.232151,222,-2298.490762,221,-2229.768093,219,-1864.425054,211,-1896.67212,211,-1819.38485,210,-1579.920245,205,-1550.696474,204,-1543.578843,201,-1470.1884619999994,201,-1472.1696932704551,201.0,-1479.9742265735517,201.0
146,Stephen F. Austin,0,-173.2760815,147,-124.5884801,157,-109.53697350000002,143,38.26535019,124,255.4177775,113,210.3610133,111,257.3242925,111,288.4217419,104,244.97707230000003,109,281.3394089,103,300.0573232,102,355.8454823,102,397.3783317,97,415.53654480000006,95,429.66695502394083,95.0,430.409805134148,95.0
147,Lamar,0,-193.4102241,148,-111.7011124,156,-1533.76065,204,-1276.702851,198,-1051.125205,188,-915.1985863,182,-813.9748882,179,-807.3163356000001,180,-873.6519573999999,183,-676.7106481000002,175,-639.0355959999998,170,-469.38220610000013,159,-456.0783878,159,-436.0618139,157,-436.08173395988433,158.0,-437.13768126794855,158.0
148,Yale,0,-227.1912506,149,25.09131794,133,70.25399229,137,441.4914292,112,450.7750222,109,489.133214,101,482.7676388,105,-463.9947062,154,-535.6556414,159,-425.5544984,153,-374.0641649,149,-435.372511,152,-368.7299785,150,-274.9950419,143,-292.28830438592524,144.0,-291.5673344262673,144.0
149,Utah State,0,-318.5520839,150,833.4670378999997,70,921.3338095,56,1021.476421,49,524.2935424,99,191.1827083,112,225.2009964,113,461.7976014,99,551.4313778,90,727.7497294,82,948.5143358,58,1082.817813,44,953.56689,60,1034.728658,53,1116.4688236573606,40.0,1116.81764862303,39.0
150,Wyoming,0,-339.6448156,151,697.5619264,83,823.9075669,64,1036.3507029999996,45,1035.545872,49,1073.653039,45,979.5903194,54,431.3987172,100,-1040.775054,187,-1015.032608,190,-140.284377,134,-437.4439704,153,449.4130244,92,-356.9880708,149,-347.56253159149526,150.0,-347.2900967446645,150.0
151,South Dakota State,0,-361.0558611,152,906.217989,61,809.2024953,69,807.5045154000003,77,793.3526473999997,76,818.2131837999997,70,835.6223284,67,790.144295,72,813.5318447000003,69,834.2579955,70,805.6327542,71,844.5090159,68,850.7377309000003,70,865.4269985999997,68,839.8406015922174,71.0,840.2665809617272,71.0
152,Boise State,0,-382.7200027,153,-703.9982339,171,800.170347,70,612.3195264,90,975.9572136,53,804.1058004,74,1000.645308,52,808.8991215,70,826.9996547999997,67,999.7999088,51,1145.721625,38,1174.702876,32,1240.662754,23,1157.738896,34,1157.566787097014,30.0,1161.9821430892396,30.0
153,Central Michigan,0,-404.428119,154,-892.9297117000001,174,810.3321655,68,446.8163746,111,693.2875064,90,38.00200716,118,595.1948372,91,761.1311429,77,607.8535576,88,595.9585161,89,885.1148096000003,66,1001.407211,55,1068.526436,47,1124.601436,41,1116.1418569908135,42.0,1116.4093534789033,41.0
154,Eastern Michigan,0,-419.17987810000005,155,831.2194399,71,-136.2506294,145,503.77585199999993,101,872.640783,63,716.2263309,84,849.5781436000003,64,699.4568616,85,922.256445,59,886.19425,64,969.3601207,56,820.4476728999997,72,932.047671,63,715.055745,86,722.9916614329718,85.0,723.5985360397173,85.0
155,Duquesne,0,-426.4501045,156,-1861.753453,209,-774.9432107999999,164,-434.241979,147,-238.2965987,136,-244.2667862,135,-179.0907583,132,-187.5268777,134,-56.17683043,125,-32.44421294,121,-10.88494376,119,101.4668288,113,145.2495467,107,123.777879,108,126.77840527128677,108.0,126.11132464183255,108.0
156,Toledo,0,-438.23355830000014,157,930.2575258,57,708.7129316,84,-1006.87239,181,567.5564035,97,870.8383891000003,66,719.2616730000003,84,-161.14037240000005,132,821.1231682,68,757.7210367,78,268.1204909,104,830.5878081000003,70,942.2090581,62,1060.595593,48,1067.2363191516047,49.0,1070.1282557800882,49.0
157,Florida Atlantic,0,-448.5870244,158,-1142.215797,183,657.6828071,88,896.9932428,72,621.1502667000002,93,856.6955598999997,68,601.3266394,90,606.6167542999998,88,995.9734569,54,1033.832918,50,897.395459,64,648.3016334,85,285.1042821000001,101,-651.3873443,171,-673.5999329770731,172.0,-693.2604219821942,172.0
158,Charlotte,0,-484.4481207,159,712.6484561000003,82,950.5506097,52,697.1940666,87,799.605587,74,510.5377364,98,789.6734257999997,74,788.7464313999999,73,119.5837228,115,-764.4247851,178,-621.9877909,168,-957.9202503,187,-1236.525259,195,-1207.734749,192,-1201.5529277941514,192.0,-1231.0920391449915,193.0
159,Jacksonville State,0,-522.9658599999998,160,-2536.567561,224,-935.3392847,176,-601.0155043,157,-408.708105,146,-363.1779762,145,-269.8846842,140,-328.2911402,142,-228.8230942,138,-149.532613,130,-88.5388959,128,41.97359944,118,44.22827253,116,44.55471186,117,49.0513776341638,117.0,48.75853110209541,117.0
160,Kent State,0,-545.9732106,161,-1271.412973,190,547.1325843999998,94,20.69006218,126,-882.1825322999997,175,-0.429441212,120,356.40370260000014,108,-108.6522347,125,225.2977488,112,226.9793793,106,434.3912855,97,206.2296569,107,877.1415350999997,68,921.3293746,63,832.7666080439122,72.0,833.2549426326153,72.0
161,Louisiana,0,-569.0270417,162,-916.6667778,177,4.789148778,140,753.8374914,79,884.4586433000003,61,1003.111624,54,988.7276418,53,1159.895496,36,1127.078964,38,1290.212972,16,1273.2185869999996,19,1277.603746,15,1334.764768,10,1294.91427,11,1316.9984216404107,12.0,1317.1174048739595,12.0
162,Western Kentucky,0,-592.5406363,163,827.5555353,72,601.2525829,91,712.78631,86,-229.3670203,135,-533.3729112999998,157,-1380.315639,197,-357.57784330000015,147,690.5688999,82,910.6686663,61,1064.672647,48,1127.91477,39,1184.151612,30,1222.865007,26,1172.8997546667877,29.0,1177.3405041946833,28.0
163,Louisiana Tech,0,-615.8650877,164,-468.4156359,163,474.1965951,99,319.6905487,113,612.5989614,94,488.9441517,102,501.3350037,103,-762.2780484,177,-1375.5794019999994,199,-1511.288693,201,-1637.51495,206,-1187.882376,195,-1605.877932,204,-1707.3694920000007,206,-1711.0366062754804,206.0,-1717.0549867204295,206.0
164,New Mexico,0,-639.5931549,165,765.5210883,79,823.4009557,65,-138.33123669999998,130,-445.8734414,150,-1572.094978,203,-2104.60119,217,-2521.152715,224,-1753.511298,209,-1579.775174,206,-1864.229575,211,-2024.877901,213,-2237.490012,219,-2458.729992,222,-2460.526393317532,222.0,-2458.802049238537,222.0
165,Troy,0,-674.418922,166,985.6748702,51,445.7101442,100,938.9796236,68,641.6688377,92,73.16193977,116,658.46199,86,823.4503934999997,68,831.9549125,65,687.1055772000002,85,904.5126791,61,788.0285993,76,447.53559900000016,93,-651.5457096,172,-654.2819259297513,170.0,-652.2464395807658,170.0
166,Texas-San Antonio,0,-704.5743788,167,874.2457316,65,1185.154119,30,1224.0539210000004,19,1254.376793,16,1284.669548,16,1280.650525,21,1396.161216,4,1428.08805,3,1410.531769,4,1407.008633,5,1396.698446,5,1359.44705,8,1275.246837,15,1286.435146291798,15.0,1286.7717244562152,15.0
167,Air Force,0,-754.8362302,168,839.2977438999999,68,1127.734324,36,910.6436128,71,1138.015357,34,1249.359822,25,1330.180099,9,1368.717328,8,1279.680953,18,1259.129537,25,1161.834253,34,1188.289399,29,1218.531624,27,1226.890839,25,1214.645393085462,24.0,1215.1185904973522,24.0
168,Marshall,0,-779.5381878,169,1021.060402,46,1187.828968,29,915.2769549,70,710.5298436,89,-273.5006945,139,771.7208423,75,967.0387016,53,998.0546609,53,1139.898313,35,1179.923639,33,1114.833505,41,1144.038453,35,1074.721213,47,1073.3824765734475,48.0,1073.9831271092455,47.0
169,Memphis,0,-804.6908686,170,855.4595234,67,956.784913,51,1003.953406,52,928.3195748,56,809.3101305,73,589.3864744,92,808.9335086,69,466.8306015,102,470.54456110000007,100,715.1467083,82,603.4960595,89,427.8647512,94,543.9459286,91,555.1981210423693,91.0,555.7612078491112,91.0
170,Middle Tennessee State,0,-829.3216822,171,875.8421333999999,64,479.1813299,98,51.59582584,122,-726.3458776000001,170,419.1210424,104,-640.0696678999999,166,-597.1590731000001,168,498.4491753,100,695.7715873999997,83,526.3456941000002,95,756.9584868,80,-86.05903296,127,760.4256163,83,757.2803356939136,83.0,757.633082568802,83.0
171,Holy Cross,0,-855.0790417000003,172,785.2847889,77,730.3122105,79,752.8446082,80,743.5622665,85,747.3191381,80,767.1400625,76,755.1915666,78,757.5684066,76,770.1124896000001,76,746.0935883999997,75,796.6405147999999,75,790.2294232999999,76,827.5613821000003,72,813.8027339904529,76.0,814.3596493701908,76.0
172,Montana,0,-880.656742,173,934.7669606,56,845.1785700999999,62,831.9957383999997,74,827.5353305,66,846.8858977,69,850.5559946000003,63,827.2482171,65,849.3758161000003,63,854.5209858999997,67,842.8599504000001,68,878.7820046,64,872.8955454,69,886.4059875,64,872.8569946126454,65.0,873.3495493204847,65.0
173,Nevada,0,-906.321316,174,869.6157417999997,66,1072.460398,43,831.7437305,75,827.7430457,65,1006.004929,53,1084.11586,40,1162.088783,35,1115.33362,39,1160.488649,31,1158.751347,35,1103.345634,42,1053.3816470000004,53,1127.001507,40,1127.6774712042406,39.0,1131.7478353534748,37.0
174,Southern Mississippi,0,-930.3878158,175,-1494.876432,198,616.010641,90,-447.7718283,148,-989.2975172,186,-1848.073228,211,-1966.881904,214,-2218.63874,217,-2116.943978,214,-2398.004383,220,-2692.431919,225,-2601.090038,224,-2125.5577550000007,215,-1775.541898,208,-1776.4903819470755,208.0,-1776.8470537632002,208.0
175,North Texas,0,-932.7944737,176,837.2151307,69,242.6470792,117,-1230.954298,195,-1774.09066,210,-1386.414629,197,-1735.772494,207,-2028.747002,214,-2130.33232,216,-1606.62111,207,-1154.230784,193,-604.0273622000002,171,674.7557715,84,884.5905174000003,65,882.5151879828936,64.0,882.9682313074348,64.0
176,Northern Illinois,0,-959.4689296,177,797.1438065000001,76,175.1078436,125,-518.9917496999999,150,453.8021793,108,698.5267924,85,845.7847965,66,944.8946365,56,919.8815299,61,936.7012927,59,895.5702061000003,65,919.146362,62,995.4703563,55,796.7469074,77,961.7648262807937,59.0,962.1345616878963,59.0
177,Georgia Southern,0,-986.4628669,178,659.454451,84,-691.4423696,160,-1806.544912,211,-1776.1581440000002,211,-1174.275653,190,-1292.582059,195,-1660.350601,205,-1623.576719,204,-1841.178574,211,-1931.28537,212,-1652.296275,205,-1742.465593,208,-1924.202745,213,-1923.6341282371384,213.0,-1924.9806196900768,213.0
178,East Tennessee State,0,-1013.762085,179,1045.592968,44,1026.519799,45,939.2903872000003,67,914.5452189,58,936.8874116,62,957.6555397,57,946.337168,54,951.1497958,57,968.0649686,54,916.4867105,59,964.7442588,57,926.1461873,65,941.4991842,59,937.5265359335017,60.0,937.8934733143287,60.0
179,San Diego State,0,-1040.357613,180,808.0933989,74,1089.310596,40,1071.8414,38,1154.360194,32,1222.058558,28,1283.308167,20,1288.802992,17,1334.493438,11,1268.03103,22,1285.278118,17,1251.452178,21,1264.844368,18,1281.982636,14,1179.999808921337,27.0,1180.2377702132787,27.0
180,Old Dominion,0,-1046.552946,181,-1117.854981,181,537.4084177,96,98.19432729,120,-1041.2818140000004,187,-1651.872246,206,-1884.580278,212,-2226.629383,218,-1968.456322,212,-1571.617148,205,-1208.043517,196,-418.5293081,151,674.8596552,83,793.1490992,79,780.1125880190037,80.0,780.6681192608373,80.0
181,Eastern Washington,0,-1048.222628,182,767.3935518999997,78,727.7463735,80,746.9700924,82,744.392702,84,747.1542561000001,81,749.5182394999997,81,737.8408116,79,735.040885,78,757.2575257999997,79,726.8762526,79,779.1407897,77,779.9932792000003,79,813.9750492000003,76,812.2948447122445,77.0,812.8797816312951,77.0
182,South Alabama,0,-1069.177396,183,880.3319166000001,63,1007.082231,46,1031.072739,48,1034.141726,50,991.2275169,58,826.2159753,69,994.5361954,51,833.3536472,64,994.2094191,53,820.2359702,70,637.2312128,86,-391.1527484,151,-674.1699087000002,174,-678.9792269335088,173.0,-702.5773780118889,173.0
183,Southern Methodist,0,-1096.996122,184,945.8096887,54,1142.9444050000004,34,1169.648802,23,1207.53376,26,1299.190702,13,1296.868153,17,1285.865973,18,1302.8293199999996,16,1265.237609,24,1202.816428,28,1217.837755,26,1132.255189,37,1051.495278,50,1055.2780560503272,51.0,1055.5527343188405,51.0
184,Army,0,-1126.17041,185,982.5880416,52,1032.11169,44,1076.875176,37,1171.243522,30,1062.398791,47,1079.768946,41,946.3221168,55,803.9870001,70,787.8421933999997,74,999.8354123,52,1115.321329,40,1120.101642,39,1162.031683,31,1154.3677502389178,32.0,1109.3077276094411,42.0
185,Arkansas State,0,-1155.232742,186,811.4452352999997,73,301.3363255,109,-1280.263551,199,-1843.821614,212,-2155.863983,219,-2285.822973,220,-2004.836896,213,-2032.763738,213,-2229.954647,218,-2507.064939,222,-2078.962256,215,-2139.447474,217,-2321.118292,218,-2320.9709054917957,218.0,-2319.3027531554217,218.0
186,Florida International,0,-1203.336605,187,941.413743,55,343.6045919,102,-749.8773236000003,166,-1511.242069,202,-1870.064567,212,-2054.78083,216,-1786.481997,210,-2117.205092,215,-2431.396575,221,-2711.003561,226,-2778.054631,226,-2834.535289,226,-2829.9372,226,-2829.861416945062,226.0,-2829.13708332491,226.0
187,Tulsa,0,-1326.41328,188,-2035.131931,214,-1436.611711,198,-2027.589129,218,-805.6068202,173,-1579.425619,204,-919.8518807,184,-323.5829092,141,-248.2988405,139,-924.4964772,182,-1097.490916,192,-666.6484379,173,518.1146242,89,766.9924904000003,81,778.0263322822066,81.0,778.5649791360889,81.0
188,Appalachian State,0,-1358.217242,189,888.0577048,62,338.1164967,104,882.4526775,73,985.2035324,52,1174.592293,31,1180.690554,31,1019.760349,49,1065.473124,47,1108.34447,41,1204.685152,27,1257.50023,19,1312.017791,13,1328.658828,10,1302.1844579476942,14.0,1302.6866667091476,14.0
189,Prairie View A&M,0,-1386.406847,190,101.5717848,117,282.5776396,110,519.0779911999998,99,468.3773565,107,533.8504388,94,529.9155795,96,549.3155027,93,527.8958696999998,96,507.6986929,93,565.9689043,90,587.3636379,92,33.60159942,119,27.57800247,118,32.786863149093925,120.0,33.79183464592928,120.0
190,Navy,0,-1389.759961,191,-2180.11431,219,-2565.242691,224,-2362.79089,222,-2196.264622,220,-1690.4041149999994,208,-1851.903136,209,-1884.55383,212,-1895.754519,210,-1546.308383,204,-1803.78621,210,-1820.205609,209,-1667.83539,205,-1298.209993,195,-1290.1898328353595,195.0,-950.8204012648257,186.0
191,Northern Arizona,0,-1406.804549,192,250.4540197,104,58.10400781,138,713.0239757999999,85,721.7592757,87,723.3544856000003,82,733.8731773,82,719.3744415,83,720.6753683999997,80,743.5239437000001,80,714.7181333999997,83,756.2935623,81,749.6646896000003,82,795.6813401,78,794.7992196819944,78.0,795.3703903714045,78.0
192,Liberty,0,-1412.346486,193,907.516729,60,1153.862691,33,1202.212274,21,1084.327956,42,1248.012318,26,1319.285986,13,1214.495866,28,1252.197704,23,1288.821797,17,1200.7985,29,1165.047798,33,1056.744742,50,933.9276207,60,932.7501337916167,61.0,933.098168416394,61.0
193,Ohio,0,-1424.19557,194,-1953.974219,213,-2333.082875,220,-2595.695701,224,-2652.893038,225,-1957.301955,216,-2173.480442,218,-2238.851998,220,-2372.611001,221,-2278.631678,219,-1780.149443,209,-1212.149181,196,-1321.377204,199,-1641.730671,205,-1642.188128315514,205.0,-1641.9415715948535,205.0
194,Massachusetts,0,-1458.359617,195,-1635.950212,204,-1709.934143,208,-2341.507754,221,-2551.240306,224,-2766.075511,226,-2528.468046,225,-2337.694034,221,-2610.62624,224,-2719.358825,226,-2776.845383,227,-2857.667624,227,-2860.031314,227,-2861.719369,227,-2862.3917830639953,227.0,-2862.888197483749,227.0
195,Arkansas-Pine Bluff,0,-1509.0033939999994,196,70.77983801,123,131.3841716,131,494.7319949,105,490.3995165,103,507.0791397,100,526.8690578,97,531.899719,96,-598.9700644,166,-456.00862469999987,156,-415.6129873,150,-315.7679888,143,-331.5783023,146,-307.2300417,146,-306.3905568219351,146.0,-305.78035180567264,147.0
196,Nevada-Las Vegas,0,-1558.502911,197,-2099.098096,218,-1669.008783,205,-2322.36928,220,-2487.730962,223,-2483.811031,224,-2491.5209600000007,224,-2503.39744,223,-2579.498562,223,-2617.19645,224,-2008.464118,213,-1843.305544,210,-1780.01802,209,-1850.058734,211,-1852.0592970522248,211.0,-1851.1308915749976,211.0
197,Alabama-Birmingham,0,-1593.826433,198,1056.930268,42,564.8063844,93,986.6266057,58,1072.300908,45,858.430431,67,1062.907582,45,1200.741134,32,1131.9137380000002,37,1094.011535,43,1101.119494,46,1162.983721,34,1125.558546,38,1158.652134,33,1151.5691196125415,33.0,1155.6387319827957,32.0
198,Idaho State,0,-1630.721321,199,137.0239085,112,-831.4832022999999,169,-627.0323175999997,160,-405.2575791,145,-413.8353023,146,-395.4881366,146,-340.3869379,146,-346.59439960000014,144,-258.67346769999995,139,-1162.970147,194,-1041.978351,188,-992.9673832,188,-932.2768221,184,-933.6210611646533,185.0,-946.6715294095513,185.0
199,Rhode Island,0,-1668.476057,200,15.99112983,135,81.99953321,135,495.4271995,104,494.50760610000015,102,515.6296267,96,496.0032652,104,557.6130437999999,92,512.2908166,97,515.9054202,92,710.4156812000001,84,761.6448528,79,758.8257412,81,789.2868754,80,788.2382937044426,79.0,788.642989548229,79.0
200,Bucknell,0,-1705.808839,201,-184.0175486,158,275.2118251,111,537.3874959,96,483.94085880000006,105,512.2008068,97,512.0057632,102,536.0487345,95,539.1772178,93,490.5595085,98,566.5346741000002,89,-0.449092724,121,16.00874325,121,3.035652677,123,5.334177327330943,123.0,6.085674252175429,123.0
201,Rice,0,-1717.660084,202,-735.8568431,172,-2332.724533,219,-2597.777564,225,-2195.625955,219,-2031.815477,218,-1870.006015,210,-2542.120574,225,-2145.920915,217,-2109.898653,215,-2131.39272,217,-2051.158568,214,-1946.451961,213,-1826.79098,209,-1822.4692275599325,209.0,-1824.6092682479352,209.0
202,South Florida,0,-1727.7872940000002,203,-2091.5433940000007,216,-2325.04427,218,-727.547101,164,-1100.6618119999996,191,-1651.886598,207,-1623.862493,205,-1735.610256,209,-1259.133345,194,-1514.712536,202,-1671.378764,207,-1858.041194,212,-2126.45226,216,-2130.010635,216,-2128.9552562070103,216.0,-2130.455508243958,216.0
203,Charleston Southern,0,-1798.377639,204,12.41846691,136,310.2912217,108,521.7916285,97,-170.02382240000003,132,-184.138155,132,-152.7068021,130,-87.30028382,123,-125.0007485,129,-69.97497759999999,124,-65.77564287,124,-82.01060564,124,-576.3098562000001,170,-518.8337569,167,-529.9306268521084,168.0,-528.1865300352705,168.0
204,Samford,0,-1841.147537,205,5.942248554,138,268.3382058,113,543.7545444,95,476.2931874,106,510.5281323,99,520.8759736999998,99,557.6888717,91,540.6708182,92,525.2393304999998,90,565.9128956000002,91,-101.3910266,126,-76.70435112,126,18.41454362,121,38.169608960691626,119.0,40.53670461576505,118.0
205,Akron,0,-1923.445832,206,-1431.816515,194,-2419.336949,223,-576.1534749,156,-1678.1265870000002,205,-2365.150906,222,-1550.420152,202,-1683.274688,206,-2254.96635,219,-2102.466007,214,-2097.877301,216,-2212.893155,218,-2399.259092,221,-2484.572574,223,-2484.984893043741,223.0,-2486.059924044669,223.0
206,Coastal Carolina,0,-2043.696367,207,924.8087195,58,1105.990234,39,1117.310514,33,1298.916106,11,1387.084731,6,1398.0910310000006,4,1394.492868,5,1319.395852,14,1342.647879,12,1352.335489,9,1273.853053,16,1261.553308,20,1255.212234,20,1261.588792490974,17.0,1262.022642649446,17.0
207,California-Davis,0,-2086.897647,208,798.6738738,75,740.1207017999999,78,749.7307329,81,744.4510079,83,747.6328427,79,754.6775406,80,764.0465159,76,760.9438607000003,74,770.5483472999997,75,740.2336058,76,800.7858317,74,786.511185,77,815.457053,75,824.3478358984883,73.0,824.8444616467314,73.0
208,Temple,0,-2093.243281,209,-1120.149169,182,144.2602861,129,-1426.842638,203,361.1740869,110,573.2606440000002,89,-858.9155129000003,181,-832.7495375,181,-1336.566297,196,-1994.538078,213,-2279.6174170000004,219,-2488.885709,222,-2594.738662,224,-2763.212639,224,-2764.574326637376,224.0,-2765.2656327947466,224.0
209,Western Michigan,0,-2139.040188,210,-995.8667229,179,683.9929285000002,87,951.2833341,63,1135.022787,35,1240.324653,27,1041.362298,49,1134.61407,39,1000.433228,52,994.9678492,52,804.6493831,72,930.0250491,60,803.0686922,74,962.1637923,57,965.5800127420804,56.0,966.0687764299237,56.0
210,Texas State,0,-2169.330908,211,-1923.793979,211,523.427901,97,-90.70942837,128,-1119.949428,193,-965.102326,184,-23.94631314,122,-838.2329503,183,-1356.846051,197,-1793.460037,209,-1519.6797789999994,203,-1702.32371,206,-1563.711992,202,-1516.036265,202,-1509.6426452098096,202.0,-1519.8805213600674,202.0
211,Buffalo,0,-2197.822347,212,965.9014766,53,242.1227779,118,-387.7725329,143,578.6409137999998,95,241.4108244,108,-692.3150021,170,14.90833771,117,664.9959595,83,-208.0215814,133,-186.6619137,135,-895.3104252,183,-967.529522,186,-1317.380959,196,-1319.6325976620935,196.0,-1322.5586218258459,196.0
212,Ball State,0,-2261.559595,213,762.3920241000003,81,-11.20016289,141,-813.6779085,172,-1668.433784,204,-413.9732173,147,477.0575148,106,727.2157975,82,465.69894960000005,103,471.1331,99,615.0083695000002,87,534.6191087000002,94,237.504106,102,750.1692768999999,84,736.5106559941053,84.0,737.0145723121518,84.0
213,Bowling Green State,0,-2311.632737,214,-1485.213717,197,-1790.637436,211,-95.43921599,129,569.8070262,96,241.94940130000003,107,-1229.967659,194,-1330.431831,199,-1669.33818,206,-1237.168215,194,-1212.43643,197,-1727.096316,207,-1786.615286,210,-1336.647077,197,-1325.4350912623472,197.0,-1334.455676655496,197.0
214,Colorado State,0,-2409.292773,215,-2295.829504,222,-2370.011693,221,245.65514,114,-484.3245998,155,-500.1213666,156,584.275469,94,886.6034388,61,718.3940737,81,-308.3106415000001,141,-1060.193533,188,-1458.392317,202,-1566.951624,203,-1519.557153,203,-1521.4775580333053,203.0,-1523.3747502811318,203.0
215,East Carolina,0,-2463.861815,216,-1760.621275,205,-1747.576607,210,218.9854142,116,536.1514264,98,799.2895530000003,75,636.9875093999998,87,665.2620942000002,86,502.6701664,99,690.5621972,84,995.372779,53,1046.382493,48,1055.429087,52,961.8177624,58,965.5662196049992,57.0,966.0325285473654,57.0
216,Nebraska,10,-2523.584224,217,911.5990414,59,1169.6679789999996,32,945.0756271,64,745.4876947,82,1001.03402,55,848.9548284,65,-46.16953849,122,-213.6921162,137,-987.9044229,188,-1187.238922,195,-915.7179536,186,-912.3305145,185,-992.9544948,187,-992.5744791283493,188.0,-996.5497746484891,187.0
217,Georgia State,0,-2529.700957,218,-2308.784268,223,-2411.685915,222,-571.2250789,155,-1051.300607,189,-1775.0205809999998,209,-862.0916148,182,-837.5358326,182,79.34916302,117,506.8058585,96,369.4680295,99,804.8564316000003,73,846.2073419,71,986.9323553,55,984.3622549690781,55.0,984.770186690605,55.0
218,Maine,0,-2580.526371,219,-47.84828889,145,274.2353671,112,563.0903774,94,-610.7840993,160,-645.1572835,164,-581.2913196000002,160,-488.2845945,157,-565.749091,163,-466.3275403,158,-452.8437524,152,507.5015946,95,611.3901937999998,87,601.8846186000002,89,614.5863854830077,90.0,614.817121598676,90.0
219,Miami (OH),0,-2589.873571,220,-1152.593975,186,-1741.2090039999994,209,192.4567275,118,-718.238886,169,480.1485738,103,-444.9590813,152,544.1711293999998,94,799.7870829,71,767.4426714,77,566.9132187000001,88,821.4019355,71,927.7508486,64,822.5392561000001,73,822.5382620162856,74.0,822.9678873829051,74.0
220,Tulane,0,-2603.062645,221,-437.4487844,162,700.1365252,85,457.834303,109,-668.5642786000002,163,-1530.51491,202,-1716.990715,206,-1658.86303,204,-1710.7780510000002,208,-1893.504003,212,-2034.114877,214,-2238.8272,219,-1844.642766,211,-1873.689908,212,-1874.4157467451607,212.0,-1874.834083726977,212.0
221,Incarnate Word,0,-2607.548409,222,185.2638164,111,42.01995953,139,788.5270423,78,777.5979006,78,777.6549242000001,77,795.7578618,73,784.4425887,75,788.2910845,73,800.6438283,72,772.5393935,73,831.2708763999997,69,827.9796192000001,72,861.6581997000003,70,848.3742367005756,70.0,848.8952634404283,70.0
222,Louisiana-Monroe,0,-2684.9400920000007,223,-1270.83629,189,-814.5789331,168,235.5933429,115,672.6987247000002,91,-181.6024284,131,-1374.833367,196,-1022.585858,189,-146.5361555,133,-852.0060506000003,181,-987.5508377999997,187,-1439.192526,201,-1417.539488,200,-1397.383369,199,-1397.5908055083235,199.0,-1397.1665273831904,199.0
223,Hawaii,0,-2924.567235,224,-568.193276,168,-812.1202153,167,-1742.0959100000002,210,23.63679797,119,392.3709575,105,393.7154829,107,21.92258689,116,234.427082,111,-18.81799357,120,-747.8644721,176,-1291.81415,197,-968.1218001,187,225.84443880000003,102,230.36524298321584,103.0,229.96618352810137,103.0
224,Southern Utah,0,-2994.823343,225,-2569.164803,225,-1688.605781,206,-1564.614164,205,-1368.649125,199,-1159.148511,189,-1119.312902,188,-1068.407599,192,-1089.256886,188,-972.881903,186,-871.9839195000003,181,-858.3359575,181,-833.6835028,182,-787.8031517999997,181,-797.0789811677099,180.0,-814.7529114718592,180.0
225,New Mexico State,0,-3108.012185,226,-2818.470953,227,-2703.012926000001,226,-2018.143589,217,-2220.723892,221,-2436.976176,223,-2627.312162,226,-2234.61025,219,-2350.968115,220,-2224.819668,217,-2467.996619,221,-2465.379025,221,-2559.015674,223,-2278.264952,217,-2279.295922911288,217.0,-2279.9019948946725,217.0
226,Connecticut,0,-3117.133633,227,-2807.891985,226,-2907.149566,227,-2880.963956,227,-2885.919826000001,227,-2772.720738,227,-2872.543543,227,-2549.434603,226,-2661.350874,226,-2687.31769,225,-2412.294979,220,-2728.102268,225,-2735.46705,225,-2767.968633,225,-2768.650637947059,225.0,-2768.9202066859357,225.0
